schema_version,source_sha256,seed,dimension,gallery_size,method,metric,value
1,20b413d87317c7f0daaef967d5b278de95bcf650963b5958545acfd76beb5168,1911,65536,100,sot_wht,float32_bit_exact_rate,0.97
1,20b413d87317c7f0daaef967d5b278de95bcf650963b5958545acfd76beb5168,1911,65536,100,sot_wht,max_abs_roundtrip_error_float64,2.4424906541753444e-14
1,20b413d87317c7f0daaef967d5b278de95bcf650963b5958545acfd76beb5168,1911,65536,100,sot_wht,norm_correlation,0.9999999999999996
1,20b413d87317c7f0daaef967d5b278de95bcf650963b5958545acfd76beb5168,1911,65536,100,sot_wht,magnitude_gallery_top1,0.01
1,20b413d87317c7f0daaef967d5b278de95bcf650963b5958545acfd76beb5168,1911,65536,100,sot_wht,norm_only_gallery_top1,1.0
1,20b413d87317c7f0daaef967d5b278de95bcf650963b5958545acfd76beb5168,1911,65536,100,cdf_torus_pad,max_abs_roundtrip_error_exact_latent,6.957634468562901e-11
1,20b413d87317c7f0daaef967d5b278de95bcf650963b5958545acfd76beb5168,1911,65536,100,cdf_torus_pad,norm_correlation,-0.2008244561482447
1,20b413d87317c7f0daaef967d5b278de95bcf650963b5958545acfd76beb5168,1911,65536,100,cdf_torus_pad,magnitude_gallery_top1,0.01
1,20b413d87317c7f0daaef967d5b278de95bcf650963b5958545acfd76beb5168,1911,65536,100,cdf_torus_pad,norm_only_gallery_top1,0.0
1,20b413d87317c7f0daaef967d5b278de95bcf650963b5958545acfd76beb5168,1911,65536,100,cdf_torus_pad,known_pair_decrypts_second_message_cosine,1.0
1,20b413d87317c7f0daaef967d5b278de95bcf650963b5958545acfd76beb5168,1911,65536,100,kci_toy,correct_key_max_abs_error,7.466249840604178e-15
1,20b413d87317c7f0daaef967d5b278de95bcf650963b5958545acfd76beb5168,1911,65536,100,kci_toy,wrong_key_cosine,0.3754891993641779
