scheme,storage,metric,n,mean,ci95_low,ci95_high,median,min,max,source
P,legacy_png,vs_x0_psnr_db,20,37.708448922435856,37.246268306617495,38.06750025829996,37.97665282659959,34.33982531495442,38.73267281359077,E2.5 run (joined)
P,legacy_png,vs_x0_ssim,20,0.9748603921747312,0.9727373952594079,0.9768957764945241,0.9746359167999301,0.9635821975647484,0.9825443179978806,E2.5 run (joined)
P,legacy_png,vs_x0_linf,20,0.2322061602026224,0.16197962840087712,0.3110186586715281,0.1556752435863018,0.07759925723075867,0.661175549030304,E2.5 run (joined)
P,legacy_png,vs_x0_uint8_pixel_equality_rate,20,0.15327377319335939,0.14451894760131836,0.1619029235839844,0.1545257568359375,0.1157684326171875,0.1902923583984375,E2.5 run (joined)
P,legacy_png,vs_p_output_psnr_db,20,43.092624012466416,42.09484589338879,43.80898708684087,43.33322811723994,35.74747619988137,45.38563967626179,E2.5 run (joined)
P,legacy_png,decrypted_latent_cosine,20,0.2984572497725988,0.18468246829600174,0.41340331917777906,0.28689671671348527,-0.06849821878127421,0.7387642785561389,E2.5 run (joined)
P,legacy_png,decrypted_latent_rmse,20,1.1228117516092753,1.0220376239465916,1.2203334732593825,1.1542413991588791,0.698542774297024,1.4140025173553332,E2.5 run (joined)
P,legacy_png,decrypted_latent_lowfreq32_cosine,20,0.9734710353357657,0.9675609964166063,0.9790163977867077,0.9747791335930192,0.9483007028034506,0.992510316577357,E2.5 run (joined)
P,legacy_png,decrypted_latent_abs_pearson,20,0.4339990112939244,0.38625750119821306,0.4842915172223475,0.40688598374001006,0.29590295810542033,0.6597494527975037,E2.5 run (joined)
P,legacy_png,attacker_latent_abs_pearson,20,0.4339990112939244,0.38625750119821306,0.4842915172223475,0.40688598374001006,0.29590295810542033,0.6597494527975037,E2.5 run (joined)
P,range_preserving_png,vs_x0_psnr_db,20,37.808641838468745,37.324454912539494,38.194298134396156,38.14425885749672,34.50698929750247,39.09692694628951,AF024 run
P,range_preserving_png,vs_x0_ssim,20,0.9752855866971833,0.9731427619259686,0.9773474219696899,0.9754964921773022,0.965775206771265,0.9823762232513824,AF024 run
P,range_preserving_png,vs_x0_linf,20,0.2046393897384405,0.14286540637724102,0.2771836434397845,0.1189991720020771,0.07288423180580139,0.5896187424659729,AF024 run
P,range_preserving_png,vs_x0_uint8_pixel_equality_rate,20,0.15779953002929686,0.153753604888916,0.161846923828125,0.15618133544921875,0.1392974853515625,0.17498779296875,AF024 run
P,range_preserving_png,vs_p_output_psnr_db,20,43.63153033068184,42.54083150676501,44.469617625912356,44.12312432797907,36.08381638755711,45.94797348937216,AF024 run
P,range_preserving_png,decrypted_latent_cosine,20,0.29792899015482877,0.18403389801306427,0.4128311982165542,0.28470689708091823,-0.06872678201989171,0.7404283766074079,AF024 run
P,range_preserving_png,decrypted_latent_rmse,20,1.123201626729796,1.0224087042085284,1.220686992650347,1.155800835656865,0.6963229177839447,1.4141197403761323,AF024 run
P,range_preserving_png,decrypted_latent_lowfreq32_cosine,20,0.9730663808926753,0.9671647226902663,0.9786329387311691,0.9746219342399504,0.9467497773152748,0.9927485311764833,AF024 run
P,range_preserving_png,decrypted_latent_abs_pearson,20,0.43407117044351795,0.38580794821244635,0.4847819083140628,0.4092011247454885,0.2917623173686172,0.6657352083927771,AF024 run
P,range_preserving_png,attacker_latent_abs_pearson,20,0.43407117044351795,0.38580794821244635,0.4847819083140628,0.4092011247454885,0.2917623173686172,0.6657352083927771,AF024 run
P,float,vs_x0_psnr_db,20,37.61785834803013,37.07833934309836,38.07845772411392,38.046121388827125,34.348605685548456,39.056579285900916,E2.5 run (joined)
P,float,vs_x0_ssim,20,0.9745901476840177,0.9723747306489605,0.9767373304756497,0.9749230107134143,0.9642988648724315,0.9819839774276022,E2.5 run (joined)
P,float,vs_x0_linf,20,0.2537565939128399,0.17417970065027477,0.34326292384415863,0.1762012019753456,0.07556849718093872,0.7147929072380066,E2.5 run (joined)
P,float,vs_x0_uint8_pixel_equality_rate,20,0.15672378540039061,0.15228801727294922,0.16113819122314454,0.15576171875,0.1383819580078125,0.172637939453125,E2.5 run (joined)
P,float,vs_p_output_psnr_db,20,43.19696324319064,41.989520736949665,44.192369163236386,43.992653423325585,35.88692159050542,45.885208897901855,E2.5 run (joined)
P,float,decrypted_latent_cosine,20,0.29215850617136985,0.16520238618177768,0.42066872563674346,0.272661765752555,-0.11333647591014939,0.7849182435936997,E2.5 run (joined)
P,float,decrypted_latent_rmse,20,1.1209503137372585,1.0068614653787928,1.2308723799215193,1.1645341112988912,0.6334949157619212,1.442610405675162,E2.5 run (joined)
P,float,decrypted_latent_lowfreq32_cosine,20,0.9746615245397422,0.9683622991263287,0.9805052998720649,0.977357675317213,0.9470315007162636,0.9944118527119876,E2.5 run (joined)
P,float,decrypted_latent_abs_pearson,20,0.5058430642170757,0.4550306918946474,0.5587991957771499,0.4751260849577703,0.35742883883663434,0.7334196556837238,E2.5 run (joined)
P,float,attacker_latent_abs_pearson,20,0.5058430642170757,0.4550306918946474,0.5587991957771499,0.4751260849577703,0.35742883883663434,0.7334196556837238,E2.5 run (joined)
S0,legacy_png,vs_x0_psnr_db,20,31.466601393446723,30.59809627660249,32.303544082528134,31.311097254399048,26.337827163092946,36.02347592278221,E2.5 run (joined)
S0,legacy_png,vs_x0_ssim,20,0.9272142971524839,0.9049241500182486,0.9454763663984864,0.933265257994069,0.7793429718003502,0.9856549182513179,E2.5 run (joined)
S0,legacy_png,vs_x0_linf,20,0.5578026905655861,0.48178381405770776,0.6260200127959251,0.6351218521595001,0.18730682134628296,0.7203267216682434,E2.5 run (joined)
S0,legacy_png,vs_x0_uint8_pixel_equality_rate,20,0.08695907592773437,0.07834440231323242,0.09551179885864257,0.087158203125,0.0440521240234375,0.1256561279296875,E2.5 run (joined)
S0,legacy_png,vs_p_output_psnr_db,20,30.74754902358676,29.880577905224264,31.583910862949903,30.50135447625985,25.652253062669566,35.3912124343655,E2.5 run (joined)
S0,legacy_png,decrypted_latent_cosine,20,0.9903188541281537,0.9897681708450902,0.9909019028299014,0.9903317525102969,0.9886339691943046,0.9931523052489877,E2.5 run (joined)
S0,legacy_png,decrypted_latent_rmse,20,0.13541740708895023,0.13115658735680993,0.1394158302716346,0.1357198312712911,0.1139181582449258,0.14770906931631456,E2.5 run (joined)
S0,legacy_png,decrypted_latent_lowfreq32_cosine,20,0.9958072004466594,0.9955475714080237,0.9960631953432936,0.9958799095090889,0.9947325185932003,0.9967637219338435,E2.5 run (joined)
S0,legacy_png,decrypted_latent_abs_pearson,20,0.9760743170689918,0.9746946462415375,0.9775040917887822,0.9762221463865914,0.971655503057335,0.9824495703233465,E2.5 run (joined)
S0,legacy_png,attacker_latent_abs_pearson,20,0.9760743170689918,0.9746946462415375,0.9775040917887822,0.9762221463865914,0.971655503057335,0.9824495703233465,E2.5 run (joined)
S0,range_preserving_png,vs_x0_psnr_db,20,38.43877991856907,37.97875123527748,38.85149859070056,38.7623894298178,36.22705446419171,39.72054707087109,AF024 run
S0,range_preserving_png,vs_x0_ssim,20,0.9719911821047162,0.9693791875044325,0.974501055734714,0.9723106437076826,0.9607561596140713,0.979435297328007,AF024 run
S0,range_preserving_png,vs_x0_linf,20,0.26657480411231516,0.18490858171135188,0.3557274480815977,0.16089363396167755,0.07483628392219543,0.6622222065925598,AF024 run
S0,range_preserving_png,vs_x0_uint8_pixel_equality_rate,20,0.156781005859375,0.1530050277709961,0.16046831130981445,0.15778350830078125,0.1427154541015625,0.1698150634765625,AF024 run
S0,range_preserving_png,vs_p_output_psnr_db,20,43.13024140068658,42.082140251127925,44.108923309505506,43.49596541908809,37.840288041132766,45.9505314083339,AF024 run
S0,range_preserving_png,decrypted_latent_cosine,20,0.9997300387468743,0.9997150295164953,0.9997436221251471,0.9997349240390514,0.9996402291910099,0.9997906630371416,AF024 run
S0,range_preserving_png,decrypted_latent_rmse,20,0.0226726148232363,0.02211791407156719,0.023277777119840967,0.022514418694691896,0.020037901405062224,0.026153294039989717,AF024 run
S0,range_preserving_png,decrypted_latent_lowfreq32_cosine,20,0.9998790644028365,0.9998713757595706,0.9998865157428666,0.999879695555864,0.9998427632775876,0.99991397730809,AF024 run
S0,range_preserving_png,decrypted_latent_abs_pearson,20,0.9993122154372663,0.9992739344814722,0.9993472478642238,0.9993275367852825,0.9990862068000812,0.9994602454568424,AF024 run
S0,range_preserving_png,attacker_latent_abs_pearson,20,0.9993122154372663,0.9992739344814722,0.9993472478642238,0.9993275367852825,0.9990862068000812,0.9994602454568424,AF024 run
S0,float,vs_x0_psnr_db,20,38.698812485046304,38.33022489304134,39.04063795758115,38.99063881087031,36.52820367636617,39.8614831767957,E2.5 run (joined)
S0,float,vs_x0_ssim,20,0.9724596309360788,0.969948578688402,0.9749481485038899,0.9722506077763572,0.9623602723924837,0.9802606850510391,E2.5 run (joined)
S0,float,vs_x0_linf,20,0.26368885338306425,0.1827565973624587,0.3530111083388328,0.15297915041446686,0.07378789782524109,0.6629643440246582,E2.5 run (joined)
S0,float,vs_x0_uint8_pixel_equality_rate,20,0.16099777221679687,0.15747892379760742,0.16450353622436523,0.16178131103515625,0.148468017578125,0.1739654541015625,E2.5 run (joined)
S0,float,vs_p_output_psnr_db,20,43.97342400579887,42.905314671112535,44.93007429656581,44.193772216135564,38.30722752634517,46.410995640479825,E2.5 run (joined)
S0,float,decrypted_latent_cosine,20,0.9999230379987836,0.9999201601768791,0.9999260225571619,0.999921949947014,0.9999107902640958,0.9999384558652573,E2.5 run (joined)
S0,float,decrypted_latent_rmse,20,0.012401836869072572,0.012173672409633967,0.012618204617662806,0.012515464569219623,0.011201076295140557,0.013316656305520033,E2.5 run (joined)
S0,float,decrypted_latent_lowfreq32_cosine,20,0.9999516595713385,0.9999485139755178,0.9999547517689512,0.9999517916814333,0.9999368518462832,0.9999651712739267,E2.5 run (joined)
S0,float,decrypted_latent_abs_pearson,20,0.9998058699714732,0.9997989493730063,0.9998128459172104,0.9998050466219641,0.9997749369043241,0.999837976163194,E2.5 run (joined)
S0,float,attacker_latent_abs_pearson,20,0.9998058699714732,0.9997989493730063,0.9998128459172104,0.9998050466219641,0.9997749369043241,0.999837976163194,E2.5 run (joined)
S1,legacy_png,vs_x0_psnr_db,20,31.304619240651142,30.754931008737216,31.890311946705864,31.346998617584397,29.120032636899605,34.490657231968235,E2.5 run (joined)
S1,legacy_png,vs_x0_ssim,20,0.8979462762161947,0.8774065048457386,0.9160018241303679,0.903625961363709,0.772624639972991,0.9637068987434143,E2.5 run (joined)
S1,legacy_png,vs_x0_linf,20,0.41612874418497087,0.35755433611571785,0.47449528377503153,0.42233699560165405,0.18853774666786194,0.6387446522712708,E2.5 run (joined)
S1,legacy_png,vs_x0_uint8_pixel_equality_rate,20,0.079571533203125,0.07250120162963868,0.08756109237670898,0.07711029052734375,0.0560760498046875,0.12640380859375,E2.5 run (joined)
S1,legacy_png,vs_p_output_psnr_db,20,30.20416232610649,29.682273784392237,30.778833450339782,30.27438418503551,27.868581175954212,33.62441673910234,E2.5 run (joined)
S1,legacy_png,decrypted_latent_cosine,20,0.9901439795333162,0.9897483000695769,0.9905127644375696,0.9902449920994172,0.9877361923087373,0.991468798715816,E2.5 run (joined)
S1,legacy_png,decrypted_latent_rmse,20,0.13719603966744182,0.13459040082654108,0.13995929657685882,0.1369771453824325,0.12782984033022846,0.15368560233230227,E2.5 run (joined)
S1,legacy_png,decrypted_latent_lowfreq32_cosine,20,0.9962529599499641,0.9960649411745285,0.9964344867580559,0.9963035159248905,0.9953929417134875,0.9968540370741276,E2.5 run (joined)
S1,legacy_png,decrypted_latent_abs_pearson,20,0.97580466444798,0.9748400225922133,0.9766820506448866,0.9758604649346785,0.9697181282073045,0.9787577097865798,E2.5 run (joined)
S1,legacy_png,attacker_latent_abs_pearson,20,0.9758046644479803,0.9748400225922134,0.9766820506448869,0.9758604649346789,0.9697181282073062,0.9787577097865802,E2.5 run (joined)
S1,range_preserving_png,vs_x0_psnr_db,20,39.16754101694816,38.97552590782201,39.34238772790569,39.26364104156417,38.187334978391036,39.974351185160025,AF024 run
S1,range_preserving_png,vs_x0_ssim,20,0.9724674952742722,0.969968879511324,0.9749135338102982,0.9722066766355488,0.9624457290512136,0.9799487140090405,AF024 run
S1,range_preserving_png,vs_x0_linf,20,0.155014131590724,0.10719296742230654,0.2181646939367056,0.10933699458837509,0.06873452663421631,0.6101858615875244,AF024 run
S1,range_preserving_png,vs_x0_uint8_pixel_equality_rate,20,0.16377182006835939,0.1601018524169922,0.1674631690979004,0.161834716796875,0.14593505859375,0.1782379150390625,AF024 run
S1,range_preserving_png,vs_p_output_psnr_db,20,45.418156466875544,44.89884816413314,45.84744427122145,45.69771798901102,42.178846069672325,46.636469138204035,AF024 run
S1,range_preserving_png,decrypted_latent_cosine,20,0.9997614900218258,0.9997425641579091,0.9997774030065855,0.9997660737305194,0.9996305603579737,0.9998154870915997,AF024 run
S1,range_preserving_png,decrypted_latent_rmse,20,0.021316667962344292,0.020644242771363393,0.022092453903743696,0.02118033720439879,0.01891104995616803,0.026496833386024668,AF024 run
S1,range_preserving_png,decrypted_latent_lowfreq32_cosine,20,0.999910294594675,0.999903329617265,0.9999165424630218,0.9999127070503531,0.9998660451720797,0.9999347351286612,AF024 run
S1,range_preserving_png,decrypted_latent_abs_pearson,20,0.9993896759488704,0.9993418071986903,0.9994293681866767,0.9994001878433423,0.9990576868876148,0.9995104433570583,AF024 run
S1,range_preserving_png,attacker_latent_abs_pearson,20,0.9993896759488703,0.9993418071986903,0.9994293681866767,0.9994001878433423,0.9990576868876149,0.9995104433570559,AF024 run
S1,float,vs_x0_psnr_db,20,39.398957545251065,39.25300784843372,39.53535603855996,39.451833703034,38.653193035629,39.943654129387724,E2.5 run (joined)
S1,float,vs_x0_ssim,20,0.9728144709870754,0.9703632254903367,0.9752290581627977,0.9724446760246028,0.9628910243790247,0.9802322204699696,E2.5 run (joined)
S1,float,vs_x0_linf,20,0.13527666106820108,0.09911424113437534,0.1919574205763638,0.10243348777294159,0.06860172748565674,0.6065385341644287,E2.5 run (joined)
S1,float,vs_x0_uint8_pixel_equality_rate,20,0.16702804565429688,0.16353527069091797,0.1703773880004883,0.1664886474609375,0.148040771484375,0.1822357177734375,E2.5 run (joined)
S1,float,vs_p_output_psnr_db,20,46.294162055659655,45.988139559377686,46.576778363168536,46.40065898736173,44.671530403193046,47.29447956907147,E2.5 run (joined)
S1,float,decrypted_latent_cosine,20,0.9999274932466206,0.9999238219336989,0.9999311261566396,0.9999283622310329,0.9999088030934602,0.9999483940415697,E2.5 run (joined)
S1,float,decrypted_latent_rmse,20,0.012059459897105012,0.011774693714059413,0.012338125464092615,0.012006393261808022,0.010329501820092075,0.013430252164260463,E2.5 run (joined)
S1,float,decrypted_latent_lowfreq32_cosine,20,0.9999724664012154,0.9999711188883178,0.9999738664168114,0.9999727091814197,0.9999662162130012,0.9999804663229779,E2.5 run (joined)
S1,float,decrypted_latent_abs_pearson,20,0.999814714290031,0.9998055977496872,0.9998235061414458,0.9998163218957242,0.9997679475465292,0.9998638724558669,E2.5 run (joined)
S1,float,attacker_latent_abs_pearson,20,0.9998147142900313,0.9998055977496878,0.9998235061414462,0.9998163218957242,0.9997679475465292,0.9998638724558669,E2.5 run (joined)
