scheme,metric,n,mean,ci95_low,ci95_high,median,min,max
P,anon_vs_x0_psnr_db,20,42.23196349619977,41.901642412899584,42.52991965893789,42.372208081854666,40.431876702810925,43.21705626823956
P,anon_vs_x0_ssim,20,0.9844618282406932,0.9821682140775102,0.9866530787906804,0.9848725719543572,0.9762478524729274,0.9916451195569337
P,t1_vs_x0_psnr_db,20,42.23196349619977,41.901642412899584,42.52991965893789,42.372208081854666,40.431876702810925,43.21705626823956
P,t1_vs_x0_ssim,20,0.9844618282406932,0.9821682140775102,0.9866530787906804,0.9848725719543572,0.9762478524729274,0.9916451195569337
P,t1_vs_x0_linf,20,0.10200499277561903,0.06221774864476174,0.1641625724639743,0.06267017126083374,0.037211984395980835,0.6066082715988159
P,m1png_vs_x0_psnr_db,20,37.708448922435856,37.246268306617495,38.06750025829996,37.97665282659959,34.33982531495442,38.73267281359077
P,m1png_vs_x0_ssim,20,0.9748603921747312,0.9727373952594079,0.9768957764945241,0.9746359167999301,0.9635821975647484,0.9825443179978806
P,m1png_vs_x0_linf,20,0.2322061602026224,0.16197962840087712,0.3110186586715281,0.1556752435863018,0.07759925723075867,0.661175549030304
P,m1png_vs_x0_uint8_pixel_equality_rate,20,0.15327377319335939,0.14451894760131836,0.1619029235839844,0.1545257568359375,0.1157684326171875,0.1902923583984375
P,m1png_vs_p_output_psnr_db,20,43.092624012466416,42.09484589338879,43.80898708684087,43.33322811723994,35.74747619988137,45.38563967626179
P,m1png_vs_p_output_cosine,20,0.9999233635797724,0.9998842858356093,0.9999467081588868,0.9999439396673702,0.9995978269843927,0.9999642370333216
P,m1float_vs_x0_psnr_db,20,37.61785834803013,37.07833934309836,38.07845772411392,38.046121388827125,34.348605685548456,39.056579285900916
P,m1float_vs_x0_ssim,20,0.9745901476840177,0.9723747306489605,0.9767373304756497,0.9749230107134143,0.9642988648724315,0.9819839774276022
P,transform_latent_max_abs,20,0.0,0.0,0.0,0.0,0.0,0.0
P,transform_latent_float32_bit_exact_rate,20,1.0,1.0,1.0,1.0,1.0,1.0
P,m1png_decrypted_latent_cosine,20,0.2984572497725988,0.18468246829600174,0.41340331917777906,0.28689671671348527,-0.06849821878127421,0.7387642785561389
P,m1png_decrypted_latent_rmse,20,1.1228117516092753,1.0220376239465916,1.2203334732593825,1.1542413991588791,0.698542774297024,1.4140025173553332
P,m1png_decrypted_latent_lowfreq32_cosine,20,0.9734710353357657,0.9675609964166063,0.9790163977867077,0.9747791335930192,0.9483007028034506,0.992510316577357
P,m1png_decrypted_latent_abs_pearson,20,0.4339990112939244,0.38625750119821306,0.4842915172223475,0.40688598374001006,0.29590295810542033,0.6597494527975037
P,m1png_attacker_latent_cosine,20,0.2984572497725988,0.18468246829600174,0.41340331917777906,0.28689671671348527,-0.06849821878127421,0.7387642785561389
P,m1png_attacker_latent_abs_pearson,20,0.4339990112939244,0.38625750119821306,0.4842915172223475,0.40688598374001006,0.29590295810542033,0.6597494527975037
P,m1float_decrypted_latent_cosine,20,0.29215850617136985,0.16520238618177768,0.42066872563674346,0.272661765752555,-0.11333647591014939,0.7849182435936997
P,m1float_decrypted_latent_rmse,20,1.1209503137372585,1.0068614653787928,1.2308723799215193,1.1645341112988912,0.6334949157619212,1.442610405675162
S0,anon_vs_x0_psnr_db,20,5.338608094991901,5.25611666281669,5.4223771551553535,5.364281729711245,5.02161899319848,5.6794278886312535
S0,anon_vs_x0_ssim,20,0.01768083396013625,0.014237724035612008,0.0212215719099376,0.017524120644608596,0.004317166385162949,0.02956838538137682
S0,t1_vs_x0_psnr_db,20,42.23196349619977,41.90200186038723,42.53640669236093,42.372208081854666,40.431876702810925,43.21705626823956
S0,t1_vs_x0_ssim,20,0.9844618282406932,0.9822621011407341,0.9866771148691906,0.9848725719543572,0.9762478524729274,0.9916451195569337
S0,t1_vs_x0_linf,20,0.10200499277561903,0.06186331305652857,0.16380447630304829,0.06267017126083374,0.037211984395980835,0.6066082715988159
S0,m1png_vs_x0_psnr_db,20,31.466601393446723,30.59809627660249,32.303544082528134,31.311097254399048,26.337827163092946,36.02347592278221
S0,m1png_vs_x0_ssim,20,0.9272142971524839,0.9049241500182486,0.9454763663984864,0.933265257994069,0.7793429718003502,0.9856549182513179
S0,m1png_vs_x0_linf,20,0.5578026905655861,0.48178381405770776,0.6260200127959251,0.6351218521595001,0.18730682134628296,0.7203267216682434
S0,m1png_vs_x0_uint8_pixel_equality_rate,20,0.08695907592773437,0.07834440231323242,0.09551179885864257,0.087158203125,0.0440521240234375,0.1256561279296875
S0,m1png_vs_p_output_psnr_db,20,30.74754902358676,29.880577905224264,31.583910862949903,30.50135447625985,25.652253062669566,35.3912124343655
S0,m1png_vs_p_output_cosine,20,0.9986111326724953,0.9982432930642976,0.9988892203951661,0.9986526916562748,0.9959000949745757,0.999607728970152
S0,m1float_vs_x0_psnr_db,20,38.698812485046304,38.33022489304134,39.04063795758115,38.99063881087031,36.52820367636617,39.8614831767957
S0,m1float_vs_x0_ssim,20,0.9724596309360788,0.969948578688402,0.9749481485038899,0.9722506077763572,0.9623602723924837,0.9802606850510391
S0,transform_latent_max_abs,20,0.0,0.0,0.0,0.0,0.0,0.0
S0,transform_latent_float32_bit_exact_rate,20,1.0,1.0,1.0,1.0,1.0,1.0
S0,m1png_decrypted_latent_cosine,20,0.9903188541281537,0.9897681708450902,0.9909019028299014,0.9903317525102969,0.9886339691943046,0.9931523052489877
S0,m1png_decrypted_latent_rmse,20,0.13541740708895023,0.13115658735680993,0.1394158302716346,0.1357198312712911,0.1139181582449258,0.14770906931631456
S0,m1png_decrypted_latent_lowfreq32_cosine,20,0.9958072004466594,0.9955475714080237,0.9960631953432936,0.9958799095090889,0.9947325185932003,0.9967637219338435
S0,m1png_decrypted_latent_abs_pearson,20,0.9760743170689918,0.9746946462415375,0.9775040917887822,0.9762221463865914,0.971655503057335,0.9824495703233465
S0,m1png_attacker_latent_cosine,20,0.9903188541281537,0.9897681708450902,0.9909019028299014,0.9903317525102969,0.9886339691943046,0.9931523052489877
S0,m1png_attacker_latent_abs_pearson,20,0.9760743170689918,0.9746946462415375,0.9775040917887822,0.9762221463865914,0.971655503057335,0.9824495703233465
S0,m1float_decrypted_latent_cosine,20,0.9999230379987836,0.9999201601768791,0.9999260225571619,0.999921949947014,0.9999107902640958,0.9999384558652573
S0,m1float_decrypted_latent_rmse,20,0.012401836869072572,0.012173672409633967,0.012618204617662806,0.012515464569219623,0.011201076295140557,0.013316656305520033
S1,anon_vs_x0_psnr_db,20,5.430813882962317,5.34529927441356,5.510996916400357,5.433962757255289,4.873754357830748,5.790694854035458
S1,anon_vs_x0_ssim,20,0.012046413350667513,0.009249079294815409,0.014740542325320927,0.011899780325136746,-0.0004625296098697512,0.02293646066705072
S1,t1_vs_x0_psnr_db,20,42.23196349619977,41.900868658913964,42.52908622029926,42.372208081854666,40.431876702810925,43.21705626823956
S1,t1_vs_x0_ssim,20,0.9844618282406932,0.9821935202241417,0.9866612546078796,0.9848725719543572,0.9762478524729274,0.9916451195569337
S1,t1_vs_x0_linf,20,0.10200499277561903,0.062260061926208435,0.1631875339802354,0.06267017126083374,0.037211984395980835,0.6066082715988159
S1,m1png_vs_x0_psnr_db,20,31.304619240651142,30.754931008737216,31.890311946705864,31.346998617584397,29.120032636899605,34.490657231968235
S1,m1png_vs_x0_ssim,20,0.8979462762161947,0.8774065048457386,0.9160018241303679,0.903625961363709,0.772624639972991,0.9637068987434143
S1,m1png_vs_x0_linf,20,0.41612874418497087,0.35755433611571785,0.47449528377503153,0.42233699560165405,0.18853774666786194,0.6387446522712708
S1,m1png_vs_x0_uint8_pixel_equality_rate,20,0.079571533203125,0.07250120162963868,0.08756109237670898,0.07711029052734375,0.0560760498046875,0.12640380859375
S1,m1png_vs_p_output_psnr_db,20,30.20416232610649,29.682273784392237,30.778833450339782,30.27438418503551,27.868581175954212,33.62441673910234
S1,m1png_vs_p_output_cosine,20,0.9985079103340299,0.9983300237867148,0.9986829178413219,0.9985828953334508,0.997550207833043,0.9993445012565377
S1,m1float_vs_x0_psnr_db,20,39.398957545251065,39.25300784843372,39.53535603855996,39.451833703034,38.653193035629,39.943654129387724
S1,m1float_vs_x0_ssim,20,0.9728144709870754,0.9703632254903367,0.9752290581627977,0.9724446760246028,0.9628910243790247,0.9802322204699696
S1,transform_latent_max_abs,20,0.0,0.0,0.0,0.0,0.0,0.0
S1,transform_latent_float32_bit_exact_rate,20,1.0,1.0,1.0,1.0,1.0,1.0
S1,m1png_decrypted_latent_cosine,20,0.9901439795333162,0.9897483000695769,0.9905127644375696,0.9902449920994172,0.9877361923087373,0.991468798715816
S1,m1png_decrypted_latent_rmse,20,0.13719603966744182,0.13459040082654108,0.13995929657685882,0.1369771453824325,0.12782984033022846,0.15368560233230227
S1,m1png_decrypted_latent_lowfreq32_cosine,20,0.9962529599499641,0.9960649411745285,0.9964344867580559,0.9963035159248905,0.9953929417134875,0.9968540370741276
S1,m1png_decrypted_latent_abs_pearson,20,0.97580466444798,0.9748400225922133,0.9766820506448866,0.9758604649346785,0.9697181282073045,0.9787577097865798
S1,m1png_attacker_latent_cosine,20,0.9901440041039127,0.9897484421838283,0.9905125875844033,0.9902452403802449,0.9877363141707269,0.9914682993773466
S1,m1png_attacker_latent_abs_pearson,20,0.9758046644479803,0.9748400225922134,0.9766820506448869,0.9758604649346789,0.9697181282073062,0.9787577097865802
S1,m1float_decrypted_latent_cosine,20,0.9999274932466206,0.9999238219336989,0.9999311261566396,0.9999283622310329,0.9999088030934602,0.9999483940415697
S1,m1float_decrypted_latent_rmse,20,0.012059459897105012,0.011774693714059413,0.012338125464092615,0.012006393261808022,0.010329501820092075,0.013430252164260463
