schema_version,sample_id,image_id,label,scheme,seed,noise_level,anon_matches_e2_5,anonymous_float32_sha256,storage_protocol,storage_lo,storage_hi,storage_lo_float32_bits,storage_hi_float32_bits,storage_png_sha256,storage_png_bytes,runtime_seconds_anonymous_generation,runtime_seconds_m1range_inversion,runtime_seconds_m1range_generation,anon_vs_x0_psnr_db,range_png_vs_anonymous_psnr_db,range_png_vs_anonymous_ssim,range_png_vs_anonymous_mse,range_png_vs_anonymous_rmse,range_png_vs_anonymous_mae,range_png_vs_anonymous_linf,range_png_vs_anonymous_cosine,range_png_vs_anonymous_uint8_pixel_equality_rate,range_png_vs_anonymous_float32_bit_exact_rate,m1range_attacker_latent_cosine,m1range_attacker_latent_mse,m1range_attacker_latent_rmse,m1range_attacker_latent_max_abs,m1range_attacker_latent_float32_bit_exact_rate,m1range_attacker_latent_norm_ratio,m1range_attacker_latent_lowfreq32_cosine,m1range_attacker_latent_highfreq_cosine,m1range_attacker_latent_abs_pearson,m1range_decrypted_latent_cosine,m1range_decrypted_latent_mse,m1range_decrypted_latent_rmse,m1range_decrypted_latent_max_abs,m1range_decrypted_latent_float32_bit_exact_rate,m1range_decrypted_latent_norm_ratio,m1range_decrypted_latent_lowfreq32_cosine,m1range_decrypted_latent_highfreq_cosine,m1range_decrypted_latent_abs_pearson,m1range_vs_x0_psnr_db,m1range_vs_x0_ssim,m1range_vs_x0_mse,m1range_vs_x0_rmse,m1range_vs_x0_mae,m1range_vs_x0_linf,m1range_vs_x0_cosine,m1range_vs_x0_uint8_pixel_equality_rate,m1range_vs_x0_float32_bit_exact_rate,m1range_vs_p_output_psnr_db,m1range_vs_p_output_ssim,m1range_vs_p_output_mse,m1range_vs_p_output_rmse,m1range_vs_p_output_mae,m1range_vs_p_output_linf,m1range_vs_p_output_cosine,m1range_vs_p_output_uint8_pixel_equality_rate,m1range_vs_p_output_float32_bit_exact_rate,e2_5_m1png_vs_x0_psnr_db,e2_5_m1png_vs_x0_ssim,e2_5_m1png_vs_x0_linf,e2_5_m1png_vs_x0_uint8_pixel_equality_rate,e2_5_m1png_vs_p_output_psnr_db,e2_5_m1png_decrypted_latent_cosine,e2_5_m1png_decrypted_latent_rmse,e2_5_m1png_decrypted_latent_lowfreq32_cosine,e2_5_m1png_decrypted_latent_abs_pearson,e2_5_m1png_attacker_latent_abs_pearson,e2_5_m1float_vs_x0_psnr_db,e2_5_m1float_vs_x0_ssim,e2_5_m1float_vs_x0_linf,e2_5_m1float_vs_x0_uint8_pixel_equality_rate,e2_5_m1float_vs_p_output_psnr_db,e2_5_m1float_decrypted_latent_cosine,e2_5_m1float_decrypted_latent_rmse,e2_5_m1float_decrypted_latent_lowfreq32_cosine,e2_5_m1float_decrypted_latent_abs_pearson,e2_5_m1float_attacker_latent_abs_pearson
1,dev_v1.1_000|P,dev_v1.1_000,0,P,1911,500,1,33ed621a8dc8e74f4c2181ca2f5ddff992f3b82b17454fed1dc8414d131f4d03,range_preserving_png/v1,-0.005516751669347286,1.0,bbb4c5de,3f800000,6bf8ff77ca9a84de395e5e7e3ae0f54e0454aa24b0c277ede09d6d99cc3c25af,33424,8.098284273059107,7.697469904087484,7.7680411509936675,42.50671666385504,58.852480894246895,0.9995287450229481,1.3024225609115092e-06,0.0011412372938664024,0.0009893877431750298,0.0019715428352355957,0.9999983741347235,0.7599029541015625,7.62939453125e-05,0.31382290223307024,1.2837752103805542,1.133038044542439,7.5870537757873535,0.0,0.9947006106376648,0.9744841994114729,0.28537964029861884,0.45975526419305546,0.31382290223307024,1.2837752103805542,1.133038044542439,7.5870537757873535,0.0,0.9947006106376648,0.9744841994114729,0.28537964029861884,0.45975526419305546,37.99381618422373,0.9823762232513824,0.0001587151491548866,0.012598220078839971,0.008672593161463737,0.2613487243652344,0.9997828359886186,0.17498779296875,0.0,43.83454356794131,0.995165968655031,4.1356677684234455e-05,0.006430915773374306,0.004151778295636177,0.20569151639938354,0.9999415597406232,0.3362884521484375,0.0,38.00592037329437,0.9825443179978806,0.24742397665977478,0.1797027587890625,43.72186742172222,0.307895139050065,1.1380023852961905,0.9755447855646104,0.4584957993564017,0.4584957993564017,37.99261621713731,0.9819839774276022,0.24261689186096191,0.172637939453125,43.90330474242444,0.30217440478564306,1.1418158702855936,0.9783438567999233,0.5460043713888157,0.5460043713888157
1,dev_v1.1_000|S0,dev_v1.1_000,0,S0,1911,500,1,f7cdc88f8fa08a736cea79e1dd51919ab07a278d403d5cf49867d073f967f858,range_preserving_png/v1,-0.4021735191345215,0.8731683492660522,becde9b0,3f5f87f6,e895b23f50276baaa1461c9a033b236d24a23c604e8c3c5ea5f568fe99d53831,54133,7.765622853999957,7.7001624760450795,7.768801050959155,5.648348673541557,56.81210187558743,0.9998305115218686,2.083482286252547e-06,0.001443427270856605,0.0012498580617830157,0.0025006458163261414,0.999969746438975,0.8111419677734375,3.0517578125e-05,0.9997413373937682,0.0004944971296936274,0.022237291419901557,0.12744450569152832,0.0,0.9967955350875854,0.9995455529906825,0.9997450004526581,0.999341292459082,0.9997413373937682,0.0004944971296936274,0.022237291419901557,0.12744450569152832,0.0,0.9967955350875854,0.9998747628278611,0.9997357249715105,0.999341292459082,36.948559293493986,0.9774344794661357,0.00020190360373817384,0.014209278790219222,0.00866730883717537,0.45352885127067566,0.9997130872283396,0.156768798828125,4.57763671875e-05,40.032598738411835,0.9931989209574976,9.925219637807459e-05,0.009962539655031471,0.004310916643589735,0.4219636023044586,0.9998517084893087,0.320343017578125,3.0517578125e-05,31.44507823997091,0.9346776642539446,0.683880090713501,0.1025238037109375,30.4644516070492,0.9903992783242263,0.13530994452514764,0.9960714487998857,0.9763981904806638,0.9763981904806638,39.083642269259386,0.9802606850510391,0.2383420169353485,0.157318115234375,45.14511031092705,0.9999107902640958,0.013316656305520033,0.9999368518462832,0.9997749369043241,0.9997749369043241
1,dev_v1.1_000|S1,dev_v1.1_000,0,S1,1911,500,1,20e38d5e0b4618c6d7276b2259b34c2762bab884fb0c4ad3d0c313f66258ba75,range_preserving_png/v1,-0.39114296436309814,0.8750010132789612,bec843e4,3f600011,e0ad6314047ab8c480c30c59e8015428f89fcf6cc7542a76798c5fea7586eef4,53924,7.762634470011108,7.702825513901189,7.764363253023475,5.205550458977926,56.893838145767255,0.9998364455305765,2.0446368580451235e-06,0.001429907989363345,0.001237994758412242,0.002482593059539795,0.9999703217429701,0.80682373046875,1.52587890625e-05,0.9997609774553223,0.00045895337825641036,0.02142319719968078,0.1353013515472412,0.0,0.9967640042304993,0.9996633703922821,0.99976212200861,0.9993857276807596,0.9997607867255327,0.00045895337825641036,0.02142319719968078,0.1353013515472412,0.0,0.9967638850212097,0.9999073164509813,0.9997544626724248,0.9993857276807606,39.316939583540716,0.9799487140090405,0.00011703238124027848,0.010818150546201439,0.00798829086124897,0.14080220460891724,0.9998398960758663,0.1666107177734375,0.0,45.53359338946993,0.996131839542593,2.7966663765255362e-05,0.005288351705896211,0.0036061489954590797,0.12083619832992554,0.9999593622534707,0.350982666015625,0.0,33.42033718270712,0.9449456048301517,0.18853774666786194,0.1059417724609375,32.07685741030409,0.9910881732808179,0.13040999214421417,0.9967990284193293,0.9780802836295572,0.9780802836295589,39.715019589304944,0.9802322204699696,0.0886995792388916,0.1697540283203125,47.15811555770446,0.999930754126981,0.011866268728052869,0.9999725861313723,0.9998211269376489,0.999821126937648
1,dev_v1.1_001|P,dev_v1.1_001,0,P,1911,500,1,eea7d4a98e107f3301dda77fc5674e37f454b7ba7d791d0b63d1c90e6ea4f2c7,range_preserving_png/v1,-0.001346035161986947,1.0,bab06d72,3f800000,b03e621db45ba2bf3cd637db04003f3046fe1ede2a26d233c38f47dee9af008c,35448,7.765455079963431,7.701235115993768,7.766781587037258,43.06818977260274,58.923577280672674,0.9996324125407464,1.2812747627322096e-06,0.0011319340805595569,0.000979736796580255,0.001963406801223755,0.9999976601484402,0.8268280029296875,3.0517578125e-05,0.7404283766074079,0.48486560583114624,0.6963229177839447,5.237435340881348,0.0,0.9927133321762085,0.9927485311764833,0.7292031293352715,0.6657352083927771,0.7404283766074079,0.48486560583114624,0.6963229177839447,5.237435340881348,0.0,0.9927133321762085,0.9927485311764833,0.7292031293352715,0.6657352083927771,38.634558844163756,0.9780197581673052,0.00013694434892386198,0.011702322373095948,0.00907882396131754,0.07288423180580139,0.9998251690205263,0.1456146240234375,0.0010528564453125,45.52067235219561,0.9960955494414346,2.80499934888212e-05,0.005296224456046137,0.004037776496261358,0.0435909628868103,0.9999646793613197,0.310699462890625,0.000946044921875,38.23000207569927,0.9777274693538006,0.07822275161743164,0.139190673828125,44.48881052543693,0.7387642785561389,0.698542774297024,0.992510316577357,0.6597494527975037,0.6597494527975037,38.60230048997022,0.9777352550455964,0.08043581247329712,0.1437530517578125,45.46362562901245,0.7849182435936997,0.6334949157619212,0.9944118527119876,0.7334196556837238,0.7334196556837238
1,dev_v1.1_001|S0,dev_v1.1_001,0,S0,1911,500,1,0ee7a213f7c1cb13d70d635e4405972a21bc527e6cd836978564ea7377f9d7c9,range_preserving_png/v1,-0.35177940130233765,1.0,beb41c6e,3f800000,96137b1da498485a335903e3e21a3c5397f94e5abceb05ac96903844e739cd02,53391,7.768715830985457,7.695046155015007,7.761780214961618,5.473085109968463,56.33829107477261,0.999812934848199,2.323650960533996e-06,0.0015243526365424755,0.0013188673183321953,0.0026504993438720703,0.999966501959585,0.792877197265625,4.57763671875e-05,0.999736835715182,0.0005040670512244105,0.022451437620437817,0.17657089233398438,0.0,0.9967537522315979,0.9996834485922229,0.9997378864165432,0.9993275535096243,0.999736835715182,0.0005040670512244105,0.022451437620437817,0.17657089233398438,0.0,0.9967537522315979,0.9998879125176332,0.9997300480190531,0.9993275535096243,38.9380549888174,0.9768595259427734,0.00012770105968229473,0.011300489355877236,0.008794935420155525,0.08866345882415771,0.999834194938198,0.14959716796875,0.000823974609375,44.64566157482533,0.995605933702692,3.43110368703492e-05,0.00585756236589498,0.004379343707114458,0.06863993406295776,0.9999527888305775,0.2917327880859375,0.00079345703125,36.02347592278221,0.9856549182513179,0.18730682134628296,0.1256561279296875,35.3912124343655,0.9924874498625161,0.1192512116228186,0.9967637219338435,0.9814209131665527,0.9814209131665527,39.23126377694548,0.9769510890901477,0.08814173936843872,0.1532135009765625,45.67718958557495,0.999924800721913,0.012277836491463929,0.9999557754384996,0.9998100642033707,0.9998100642033707
1,dev_v1.1_001|S1,dev_v1.1_001,0,S1,1911,500,1,f9dfbbda6f915576551a2d73ec0bc3867f218e7c410a2bdf80a230e1f4e8155e,range_preserving_png/v1,-0.36102643609046936,0.7470247149467468,beb8d875,3f3f3d03,5ed8dc72d608f8a02d162d994ca53bf464e6fdbdf155aa5a8655a07fa1601d97,55731,7.760848190984689,7.696428083931096,7.789174620993435,5.688373607719981,58.03437645234288,0.9998817211950187,1.5723975366199738e-06,0.0012539527649078229,0.001086540869437158,0.0021725893020629883,0.9999774899104309,0.8256988525390625,3.0517578125e-05,0.9998009862969118,0.00038366782246157527,0.01958744042649716,0.13753437995910645,1.52587890625e-05,0.9968153834342957,0.9996172498717125,0.9998037727088169,0.9994895540824971,0.9998004778488779,0.00038366782246157527,0.01958744042649716,0.13753437995910645,1.52587890625e-05,0.9968152642250061,0.9999237022788301,0.9997955188351053,0.9994895540824943,39.42368692072196,0.9765233920962102,0.00011419085058150813,0.010686011911911203,0.008241252973675728,0.07922613620758057,0.9998506483720807,0.161407470703125,0.0009307861328125,46.067595054981695,0.9955021540850149,2.4730932636884972e-05,0.004973020474207297,0.003701890120282769,0.05188211798667908,0.9999657177953872,0.34197998046875,0.0008697509765625,30.45855367896648,0.8945574799381639,0.24397259950637817,0.064697265625,29.22484837283937,0.9902110215849848,0.13735350667476795,0.9963971305649335,0.9758545135828384,0.9758545135828386,39.498975621505664,0.9766131777077033,0.08457136154174805,0.162689208984375,46.47762004903573,0.9999248052388946,0.012264398837949735,0.9999700649087898,0.999808198408243,0.9998081984082424
1,dev_v1.1_002|P,dev_v1.1_002,0,P,1911,500,1,9bfa5c8cc3e72b8de42138c878e88f2e508f58cbf2b20763a4b86201d61ddae1,range_preserving_png/v1,-0.003744466695934534,0.9885594844818115,bb7565ba,3f7d123c,0fdff47c58abbc69ed9ce007e255a5564fb86eca3c825b5a2ef49800f26a87b4,32349,7.816605285974219,7.779586827033199,7.832649042014964,42.64458207134303,59.02068417100121,0.9994792729944794,1.2529437753983075e-06,0.001119349710947525,0.0009664520621299744,0.0019456744194030762,0.9999979240991064,0.7463836669921875,4.57763671875e-05,0.2650327239667081,1.371191382408142,1.1709788138169461,8.313138961791992,0.0,0.993094265460968,0.9748285460407768,0.23535028912908845,0.4113736807099697,0.2650327239667081,1.371191382408142,1.1709788138169461,8.313138961791992,0.0,0.993094265460968,0.9748285460407768,0.23535028912908845,0.4113736807099697,38.27944457365032,0.9781477434815633,0.0001486125693190843,0.01219067550708673,0.008703317493200302,0.10161590576171875,0.9997986213138769,0.17333984375,0.0,44.64527524941197,0.9949144578323068,3.431408913456835e-05,0.005857822900580756,0.004108896479010582,0.05113714933395386,0.9999527376832773,0.3406982421875,0.0,38.62601311713706,0.9782910773682045,0.10983186960220337,0.152618408203125,43.14096012073325,0.2685572755726382,1.1685223240350133,0.9740134816214278,0.4055658071389053,0.4055658071389053,38.20490756094138,0.977525807638431,0.10937035083770752,0.1693878173828125,44.48800580786369,0.2512736909265468,1.1807256008925047,0.9765520567217597,0.5058112724212976,0.5058112724212976
1,dev_v1.1_002|S0,dev_v1.1_002,0,S0,1911,500,1,0bbd991f9aea962311e190b28991f5bef64a214633ac368f69b5bc3bc53060c5,range_preserving_png/v1,-0.39498502016067505,0.8952406644821167,beca3b7a,3f652e7e,2d9b9631d525e57e00a3089e2bb2149a1ca76ba83281da31d66463ba76601af0,53897,7.851421355037019,7.754691332927905,7.8701609070412815,5.02161899319848,56.72431810965684,0.9997853823109563,2.1260241283016512e-06,0.0014580892045076156,0.0012632571160793304,0.002529919147491455,0.9999649916968506,0.815185546875,1.52587890625e-05,0.9997614501538733,0.00045661762123927474,0.021368612992875197,0.12990355491638184,0.0,0.9967568516731262,0.99975516581957,0.9997615464932584,0.9994194104817912,0.9997614501538733,0.00045661762123927474,0.021368612992875197,0.12990355491638184,0.0,0.9967568516731262,0.9998938130609935,0.999755740690498,0.9994194104817912,37.197014133893376,0.9721677700635253,0.00019067712128162384,0.013808588678124345,0.008248533122241497,0.6622222065925598,0.9997343264801895,0.1676788330078125,0.0,38.6223254314485,0.9878823468332522,0.0001373306440655142,0.011718815813277134,0.004403250757604837,0.7177678942680359,0.9997960379581236,0.3503875732421875,0.0,30.55125586388509,0.9221179022684097,0.4881487488746643,0.0842742919921875,30.129000227901074,0.9902642266963676,0.1361297180174346,0.995848133596725,0.9770605612339056,0.9770605612339056,37.36987267255882,0.9728060208876431,0.6629643440246582,0.173370361328125,38.766189130258574,0.9999225208074923,0.012440591061001595,0.9999505217160188,0.999812355702007,0.999812355702007
1,dev_v1.1_002|S1,dev_v1.1_002,0,S1,1911,500,1,294a372db0ae09083891788efe3ddf6666bbdaa1483e3ad0d551957fb66ab26e,range_preserving_png/v1,-0.3903876543045044,0.7822433710098267,bec7e0e4,3f48411a,08c364494eb675af9143ded96840286072af57a121f276b3d9dcf6e7579869e9,55197,7.87520346196834,7.803881320054643,7.866289408062585,5.445817185356963,57.54209378376076,0.9998657312703295,1.7611267821848742e-06,0.001327074520207842,0.0011502221459522843,0.0022992491722106934,0.9999720481617529,0.8253021240234375,3.0517578125e-05,0.9997951306933119,0.0003940891183447093,0.019851677973025585,0.12926173210144043,0.0,0.9967676997184753,0.9995868864595451,0.9997983007354136,0.99949902411311,0.9997949397548789,0.0003940890892408788,0.019851677239993572,0.12926173210144043,0.0,0.9967676997184753,0.9999202199493062,0.9997892139190954,0.9994990241131103,39.974351185160025,0.9762363428182531,0.00010059233318315819,0.010029572931244788,0.007594799157232046,0.07666128873825073,0.9998627992820159,0.177978515625,0.0,46.13812824514727,0.9927754361556551,2.4332524844794534e-05,0.004932800912746686,0.0034422525204718113,0.04832428693771362,0.999964562120704,0.38763427734375,0.0,29.47475731182795,0.8591604928636635,0.6243067979812622,0.0643463134765625,28.642730803143024,0.9896602151766141,0.14085397357708332,0.9958042911352349,0.9758664162865185,0.9758664162865194,39.943654129387724,0.976376688856261,0.07758378982543945,0.1758270263671875,46.30229724935353,0.9999294604488301,0.01192693635253594,0.9999717256165914,0.9998273543743308,0.9998273543743311
1,dev_v1.1_003|P,dev_v1.1_003,0,P,1911,500,1,ac4b9a0a50cee1beaa1af2a1d19c1adb93b9bf7b872e0ce546a91f39e472333b,range_preserving_png/v1,0.002373374067246914,1.0,3b1b8a9c,3f800000,95b78a1052b7eaf8e31395216468603b7af91b559d7c8ce69eb9274ce401b0c6,34423,7.887213150970638,7.805891380994581,7.869984581018798,43.21705626823956,58.954843338594785,0.9995805878554048,1.2720836366497679e-06,0.0011278668523588091,0.0009751328034326434,0.001956067979335785,0.9999985650690085,0.716705322265625,0.0007171630859375,0.5264410532288208,0.8854647874832153,0.9409913854458049,8.297182083129883,0.0,0.9934460520744324,0.9848557909288013,0.5064402636164048,0.5120023902745295,0.5264410532288208,0.8854647874832153,0.9409913854458049,8.297182083129883,0.0,0.9934460520744324,0.9848557909288013,0.5064402636164048,0.5120023902745295,39.09692694628951,0.9806934306891103,0.00012311396130826324,0.011095673089464344,0.008471229113638401,0.07414665818214417,0.9998429827361716,0.1611785888671875,0.000335693359375,45.94797348937216,0.9966156092715796,2.5421586542506702e-05,0.005041982402042544,0.0038293530233204365,0.03845173120498657,0.9999683175046866,0.3320159912109375,0.0006256103515625,38.08056558447714,0.9778439470733303,0.07759925723075867,0.119842529296875,43.30734149681795,0.5268728187781664,0.9405132189262284,0.983324140800342,0.5062850657393289,0.5062850657393289,39.056579285900916,0.98047205488052,0.07556849718093872,0.1606903076171875,45.885208897901855,0.5482683377354036,0.9182947107652297,0.9871024680049078,0.5916971199944822,0.5916971199944822
1,dev_v1.1_003|S0,dev_v1.1_003,0,S0,1911,500,1,01754bb127991ef96c185f73e245348dd62bb954ebbb4f05a1288f4bbe540d00,range_preserving_png/v1,-0.36959144473075867,0.9180083274841309,bebd3b17,3f6b0298,a730577fac40bcbb13bddcffe2b7c584da5be8b6484f339465ca5971417f684d,53982,7.841732218046673,7.773248718003742,7.831245159031823,5.41486565502463,56.73672924093505,0.9998082329143465,2.1199571165197995e-06,0.001456007251534071,0.0012611264828592539,0.0025247037410736084,0.9999688490111571,0.808868408203125,3.0517578125e-05,0.9997596133835932,0.00046032233512960374,0.02145512375004171,0.11843132972717285,0.0,0.9967884421348572,0.9997127830454094,0.9997609173441429,0.9994013131381085,0.9997596133835932,0.00046032233512960374,0.02145512375004171,0.11843132972717285,0.0,0.9967884421348572,0.9998844028798836,0.9997545305426466,0.9994013131381085,39.72054707087109,0.9773232649716144,0.00010664617730071768,0.010326963605083426,0.0079015102237463,0.08200925588607788,0.9998557320252798,0.1698150634765625,0.0003814697265625,45.89603417255242,0.9956705253343259,2.572744051576592e-05,0.005072222443442906,0.0036869801115244627,0.055400192737579346,0.9999628104719244,0.352691650390625,0.0004730224609375,33.37683836108753,0.9574700152362727,0.31118345260620117,0.095855712890625,32.52534329989431,0.9916134243036591,0.1263446015304036,0.9966174588573156,0.979667002319891,0.979667002319891,39.8614831767957,0.9775647357756317,0.07971525192260742,0.1690216064453125,46.410995640479825,0.9999278779081645,0.012053295273974486,0.9999577811205558,0.9998223196321127,0.9998223196321127
1,dev_v1.1_003|S1,dev_v1.1_003,0,S1,1911,500,1,1e63d89f159107871f6065ea18b06f8501edca9de0d279e2e903a453380bfa5d,range_preserving_png/v1,-0.42969974875450134,0.7913913130760193,bedc019b,3f4a989f,424b6973cc49d94e42d934f94ad4ac682bbe04a04b6c2748c7feb676f683fda9,54772,7.855714264092967,7.752773054991849,7.853911597980186,5.477834236105998,57.17896717834192,0.9998617725341907,1.9147112197970273e-06,0.0013837309058473137,0.0011985941091552377,0.0023943185806274414,0.9999748075183257,0.8198699951171875,1.52587890625e-05,0.9997832413056791,0.0004168518353253603,0.020416949706686362,0.11941289901733398,0.0,0.9967409372329712,0.9997363286299943,0.9997839747065759,0.9994566707763527,0.9997828600928879,0.00041685180622152984,0.02041694899394936,0.11941289901733398,0.0,0.9967408776283264,0.9999156311542783,0.9997776641527177,0.9994566707763538,39.602898854766195,0.9771973720181246,0.00010957465565297753,0.010467791345502523,0.007994085550308228,0.07110017538070679,0.9998529981308739,0.16815185546875,0.000274658203125,46.00910622774511,0.995705903272909,2.5066250600502826e-05,0.005006620676714267,0.0036290932912379503,0.05610239505767822,0.9999643256826151,0.3589019775390625,0.00048828125,30.268816943484616,0.8887853163272436,0.26188910007476807,0.06622314453125,29.24984234907562,0.9889945416227055,0.14543592354076224,0.9956246499856076,0.9736011140614733,0.9736011140614753,39.816738497124554,0.9773906739207648,0.07043033838272095,0.174896240234375,46.692711038775926,0.9999304793209343,0.011829728038566533,0.999973780810051,0.9998267776156181,0.999826777615619
1,dev_v1.1_004|P,dev_v1.1_004,0,P,1911,500,1,681c8f4b84869a246846d553478e2e6dc34185458fab1f676558a991bc095dee,range_preserving_png/v1,-0.005265082698315382,0.9952075481414795,bbac86b7,3f7ec5ec,459f99440c3ca01e1036d96f73c3ba487f8bd9481f8922d771d5a1408e75a901,34298,7.867080973926932,7.76409335504286,7.84671743796207,42.25941102998887,58.908952956705775,0.9996254052866589,1.2855965678681969e-06,0.0011338415091485215,0.0009815043304115534,0.0019617080688476562,0.9999983823385884,0.7191162109375,1.52587890625e-05,0.3043810701951284,1.3010205030441284,1.1406228574967838,12.124643325805664,0.0,0.9947485327720642,0.9769195815946908,0.2742379163043849,0.41167907215648675,0.3043810701951284,1.3010205030441284,1.1406228574967838,12.124643325805664,0.0,0.9947485327720642,0.9769195815946908,0.2742379163043849,0.41167907215648675,38.19751910681307,0.9793262933423862,0.00015144261124078184,0.012306202145291692,0.009074775502085686,0.08712422847747803,0.9997966776060644,0.15863037109375,0.0,44.63208989785841,0.9949216561613183,3.441842636675574e-05,0.005866721943875961,0.004283982329070568,0.06765860319137573,0.9999531136080719,0.3122100830078125,0.0,37.85797091243093,0.9777275493272484,0.4676092267036438,0.170928955078125,42.44231088898712,0.3052361578543324,1.139960474282745,0.97836438702346,0.4082061603411149,0.4082061603411149,37.150048309930874,0.9766611723546538,0.47047990560531616,0.157623291015625,41.41343706881547,0.29404984057856326,1.148342621705278,0.9792586386404715,0.473026044419342,0.473026044419342
1,dev_v1.1_004|S0,dev_v1.1_004,0,S0,1911,500,1,f182be3fea11ec16462deed9627d7b70864c9c7ee5257b6a30a811507e5b2f56,range_preserving_png/v1,-0.4098818898200989,0.8747475743293762,bed1dc0a,3f5fef75,594c8cbfb1e2c9f9848d4cf1359dc88ebb55a0824f3898cbdb9063db54dc2e45,53711,7.883091761032119,7.8081342650111765,7.881777369999327,5.360411318628425,56.736205715782255,0.9998276521667896,2.1202126845309976e-06,0.0014560950121921981,0.001262292847968638,0.002518981695175171,0.9999688868591945,0.794189453125,3.0517578125e-05,0.9997410497250044,0.0004952882300131023,0.0222550720064686,0.11816048622131348,0.0,0.9967910051345825,0.9997158319178688,0.9997413503398985,0.9993275200609407,0.9997410497250044,0.0004952882300131023,0.0222550720064686,0.11816048622131348,0.0,0.9967910051345825,0.9998918331425106,0.9997346391594315,0.9993275200609407,39.134555954094196,0.9782579116500081,0.00012205186067149043,0.011047708390045893,0.008335012011229992,0.10801282525062561,0.9998298119897722,0.16552734375,0.0,44.69543113215559,0.9952568152392227,3.392008147784509e-05,0.0058240949063219334,0.004126823041588068,0.09239277243614197,0.9999496077639318,0.3209686279296875,0.0,29.683713767689195,0.916503213478284,0.7203267216682434,0.0746612548828125,28.97333419849703,0.9901527195070239,0.13709471643236365,0.9959859804098212,0.9752813467447137,0.9752813467447137,39.30474260571125,0.9783235346173128,0.08476579189300537,0.167266845703125,45.95732221818747,0.9999220155556703,0.01249910226593327,0.9999530616468479,0.9997980066686437,0.9997980066686437
1,dev_v1.1_004|S1,dev_v1.1_004,0,S1,1911,500,1,37278498576063cee07fb05597c52f00781d27e6d6b9db1714783807e5eff90b,range_preserving_png/v1,-0.38822999596595764,0.817407488822937,bec6c615,3f51419e,e78a3794db0bf579ea3013ac802bbf29683787cf013285fb3e6a9824cb3daa76,54515,7.8795259449398145,7.8005396840162575,7.820410143933259,5.468031171272435,57.2940142612169,0.9998559589913207,1.8646553598955506e-06,0.0013655238408374828,0.0011841970263049006,0.0023639947175979614,0.999973871620501,0.8150634765625,3.0517578125e-05,0.9997668010285435,0.00044728093780577183,0.021149017419392603,0.11565232276916504,0.0,0.9967474341392517,0.9996929506578245,0.999768024700585,0.9993930042709838,0.9997671826962546,0.00044728093780577183,0.021149017419392603,0.11565232276916504,0.0,0.996747612953186,0.9999131858940434,0.9997603450234143,0.9993930042709843,39.323958848264745,0.9772610286815863,0.00011684338096529245,0.010809411684513291,0.008282136172056198,0.08441901206970215,0.9998398731616026,0.1620025634765625,0.0,45.85413097205436,0.9953585766393656,2.5976874894695356e-05,0.005096751406012986,0.0037621953524649143,0.05614125728607178,0.9999620989886192,0.34283447265625,0.0,31.565014473761824,0.9133426541664172,0.4275761842727661,0.073089599609375,30.368842319416277,0.9903771322677297,0.13578229078501938,0.9964837797968937,0.9759682403445528,0.9759682403445531,39.43714063773999,0.9775302378011822,0.082913339138031,0.164886474609375,46.517699485440936,0.9999222666930527,0.012436756737298951,0.9999722634920022,0.9997993017744824,0.9997993017744836
1,dev_v1.1_005|P,dev_v1.1_005,0,P,1911,500,1,a6de5b1fc67fd390aff3421de78a8f4512d6ae5a3e304759b7463b6fa38fecb1,range_preserving_png/v1,-0.0053354124538600445,1.0,bbaed4af,3f800000,61fa90fb2b89845a5bdc7743288c33a077542037d53369aab194fb8306711af9,34083,7.8422031259397045,7.755603368044831,7.833565417909995,42.48500513372046,58.882742710039615,0.9995752701335834,1.2933787729707547e-06,0.0011372681183303938,0.0009845715248957276,0.0019712448120117188,0.9999980181122916,0.7654266357421875,0.000274658203125,0.5765416766333381,0.7914336919784546,0.8896255908967854,6.122000217437744,0.0,0.9932016730308533,0.9829806315617831,0.5588732671104467,0.5205836674237654,0.5765416766333381,0.7914336919784546,0.8896255908967854,6.122000217437744,0.0,0.9932016730308533,0.9829806315617831,0.5588732671104467,0.5205836674237654,38.12755280897345,0.9793290352649204,0.00015390216140076518,0.012405730990182126,0.009136440232396126,0.1164761558175087,0.9997925173134126,0.1542510986328125,0.00018310546875,44.91149142401093,0.9961470918125939,3.227385604986921e-05,0.005681008365586976,0.0040776077657938,0.09655274450778961,0.999956166881449,0.3372344970703125,0.00018310546875,38.09720571654672,0.9794519287271098,0.12487750500440598,0.15625,44.674044158153414,0.5771121113187997,0.889043575145783,0.984866428515025,0.5234831606898033,0.5234831606898033,38.09962656051694,0.9790796751598343,0.1327594816684723,0.153594970703125,44.86067345611428,0.6118040998087676,0.8512250599169501,0.9864269049869908,0.6055471645976449,0.6055471645976449
1,dev_v1.1_005|S0,dev_v1.1_005,0,S0,1911,500,1,defc09af478257e3f180396a7d1496f12a7d50e60bbab289a695b5b6d577e106,range_preserving_png/v1,-0.4597133994102478,1.0,beeb5f8e,3f800000,7ffde093db64ae2a6e74f9ddcce529c1a711bea3a92471670d3851ed30c59d0f,52309,7.837938480894081,7.757356929010712,7.856112260953523,5.2998162148755075,55.66689675182666,0.9997489659013902,2.7121288894704776e-06,0.0016468542405053575,0.0014247371582314372,0.002862215042114258,0.9999613889208203,0.7710113525390625,3.0517578125e-05,0.9996927629596957,0.0005867283325642347,0.024222475772807263,0.39069080352783203,0.0,0.9967830181121826,0.9996845405037564,0.999692430213771,0.9992059502652361,0.9996927629596957,0.0005867283325642347,0.024222475772807263,0.39069080352783203,0.0,0.9967830181121826,0.9998549043065537,0.9996861528156017,0.9992059502652361,38.88261872234358,0.9784542291073068,0.00012934156984556466,0.011372843525062879,0.008755926974117756,0.08994174003601074,0.9998326116776508,0.146575927734375,0.0,45.31056322163015,0.9961617729558303,2.9440398066071793e-05,0.005425900668651408,0.00404371228069067,0.09020812809467316,0.9999620256838383,0.312286376953125,3.0517578125e-05,32.45854065583635,0.9698109015955897,0.6971410512924194,0.1077880859375,32.01121608175881,0.9904132670679903,0.13488661131272223,0.9954044310541681,0.976046102292519,0.976046102292519,39.091247578245955,0.9786547269415693,0.09179472923278809,0.1501312255859375,46.07495517658194,0.9999187737247618,0.01272679172056827,0.9999422180000448,0.9997931842671686,0.9997931842671686
1,dev_v1.1_005|S1,dev_v1.1_005,0,S1,1911,500,1,53e2fc92ab9d81b45b5d70af2a61a97753251002f73e3bd07b5059f845a90b49,range_preserving_png/v1,-0.41651591658592224,0.8613070249557495,bed54193,3f5c7e9e,1c317edd4dc6cfe8c1d7e52f5ebbb1c04847cd0d3d5009a47e375f5f702feba8,53798,7.790367154986598,7.700303660007194,7.770073762978427,5.369627448387782,56.80068752770108,0.9998298846960947,2.0889654024358606e-06,0.001445325362136796,0.001251287991181016,0.0025054775178432465,0.9999709955888434,0.80462646484375,3.0517578125e-05,0.9997540902125998,0.00047106013516895473,0.021703919811152887,0.11724746227264404,0.0,0.9967593550682068,0.9997605413126488,0.9997540637968206,0.9993627895120492,0.9997546621812642,0.00047106013516895473,0.021703919811152887,0.11724746227264404,0.0,0.9967594742774963,0.9999075499913352,0.9997477075701985,0.9993627895120474,39.4868738441816,0.9785977406857138,0.00011254147830186412,0.010608556843504403,0.008140342310070992,0.07941877841949463,0.999848161226152,0.1648712158203125,0.0,46.636469138204035,0.9962383395345362,2.1694671886507422e-05,0.004657753952980709,0.003416638355702162,0.09007538855075836,0.9999693062203743,0.3775482177734375,0.0,32.81549915958475,0.9417785824908749,0.5576556324958801,0.0950927734375,31.360993392699392,0.9902959256984799,0.13618642170125986,0.9962933643462243,0.9758338079904763,0.9758338079904767,39.58703440750581,0.9785982540981708,0.08730882406234741,0.1668701171875,47.29447956907147,0.9999282413141005,0.012013871084416566,0.9999744019131646,0.9998144593538039,0.9998144593538026
1,dev_v1.1_006|P,dev_v1.1_006,0,P,1911,500,1,ffdd5461c005d96b67cbcddb87f336005218cd49ae1b6d370bd1c804bc7c8064,range_preserving_png/v1,-0.0003315345384180546,1.0,b9add1d0,3f800000,86a6b3712f8f5430de97c991ea11fdcd875bfd51aab66409b5ebfad3e017bd19,36264,7.762780323973857,7.698724242043681,7.762053948012181,42.974801147409906,58.89960751739294,0.999670152879412,1.2883659792350954e-06,0.001135062103690849,0.0009833951480686665,0.0019614696502685547,0.999999012673591,0.9579925537109375,0.0008697509765625,0.638712272460926,0.6751413345336914,0.821669845213813,7.059556007385254,0.0,0.9939393997192383,0.9881424991693135,0.6238220341733806,0.6182163506474783,0.638712272460926,0.6751413345336914,0.821669845213813,7.059556007385254,0.0,0.9939393997192383,0.9881424991693135,0.6238220341733806,0.6182163506474783,38.43480860633698,0.9815208294536016,0.00014339009067043662,0.011974560145175965,0.00903882086277008,0.09698605537414551,0.9998070570802334,0.1550140380859375,0.0005645751953125,45.05841086279483,0.9962153146885472,3.120031033176929e-05,0.005585723796587985,0.004162332508713007,0.04835784435272217,0.9999585789183263,0.3111572265625,0.000640869140625,37.95525946973278,0.980693671430858,0.0997234582901001,0.1367034912109375,43.8605966226001,0.641564836229426,0.8183764908851152,0.9868751385506164,0.623098279483478,0.623098279483478,38.38507934682278,0.9811591828669444,0.09841418266296387,0.1497955322265625,44.95815360597312,0.6714033010808361,0.7831455123906257,0.9893446838719057,0.6966906564260708,0.6966906564260708
1,dev_v1.1_006|S0,dev_v1.1_006,0,S0,1911,500,1,5b052a8e44f72678f0897b53ed2a354d2296a3e878d883db4b769de1686d2829,range_preserving_png/v1,-0.4538743495941162,0.8596128225326538,bee86238,3f5c0f96,8514c243a67fa108986efa8f21adffdcce818bf0e96fc852e35bc908543eb76e,53717,7.760961256921291,7.695078826043755,7.761733901919797,5.227236124967306,56.50351498750412,0.999804467399456,2.236909949715482e-06,0.0014956302851023987,0.0012972567928954959,0.0025754570960998535,0.9999711779420142,0.8087921142578125,3.0517578125e-05,0.9997330123629208,0.0005097389803268015,0.02257739976894597,0.11971545219421387,0.0,0.9967784881591797,0.9996591017706808,0.99973424366613,0.9993360163068465,0.9997330123629208,0.0005097389803268015,0.02257739976894597,0.11971545219421387,0.0,0.9967784881591797,0.9998694930756187,0.9997276326795678,0.9993360163068465,38.313657603273946,0.9791129960400122,0.00014744642248842865,0.012142751849907362,0.008649324998259544,0.5433613061904907,0.9997926391745999,0.1587982177734375,0.0006103515625,42.608388710969855,0.9945380876982465,5.484804205480032e-05,0.007405946398320765,0.004400286823511124,0.5166791081428528,0.9999191655947192,0.31268310546875,0.000701904296875,30.4295497183641,0.9272002647774319,0.7192801833152771,0.069122314453125,29.56238457665087,0.9886339691943046,0.14734372792289302,0.9949382708312801,0.9724811535022896,0.9724811535022896,38.55114986993715,0.9796065657881995,0.530498743057251,0.1634063720703125,43.06022652670034,0.9999196556452405,0.012682661414978041,0.9999495684905481,0.9998023727205225,0.9998023727205225
1,dev_v1.1_006|S1,dev_v1.1_006,0,S1,1911,500,1,09f52ca84ff753dcf7b08ea9db369b5c0247ef6aa5b4ff4cfc32126470598aa3,range_preserving_png/v1,-0.44245341420173645,0.8747451901435852,bee28941,3f5fef4d,657f6fa64cbfcb3a8f11a44c94fd98b2d2769b15381e8787acfbada0ff194c92,53636,7.761707438970916,7.6980740040307865,7.76331902295351,5.3291772829504644,56.52922295293315,0.9998323889036261,2.2237077246245462e-06,0.0014912101544130344,0.0012908957432955503,0.002582728862762451,0.9999647135416264,0.794158935546875,1.52587890625e-05,0.9997420352837205,0.0004936909535899758,0.02221915735553389,0.13623332977294922,0.0,0.9967382550239563,0.9996821409973577,0.9997433150377948,0.9993529112315648,0.999742226034687,0.0004936910117976367,0.022219158665386877,0.13623332977294922,0.0,0.9967384338378906,0.9998960581810453,0.9997351838797034,0.9993529112315653,38.96170878377882,0.9796251950435547,0.0001270074280910194,0.011269757233011693,0.008433297276496887,0.29474204778671265,0.9998263402484939,0.1604766845703125,0.0006103515625,44.796124959618936,0.9953436096608043,3.314267087262124e-05,0.005756967159244635,0.003999385051429272,0.2680598497390747,0.9999531315669782,0.3244171142578125,0.0006866455078125,31.524325800725105,0.9366256199456782,0.5978437662124634,0.0818328857421875,30.450257464039364,0.9894497031479824,0.14193108462604953,0.9959037965458013,0.9747069222184425,0.9747069222184434,39.38432809449968,0.9801712123698548,0.15720492601394653,0.166107177734375,45.967884096811645,0.9999226427378262,0.012460022940602125,0.9999699575898079,0.9998061327611245,0.9998061327611241
1,dev_v1.1_007|P,dev_v1.1_007,0,P,1911,500,1,f8fd6779792a84cccb44690dd8008c69306a8cdb236e37a1fe98ef2e77dec787,range_preserving_png/v1,-0.0015326135326176882,1.0,bac8e1fa,3f800000,35b949871c960248d563958f739479c24283bce446ac843dc55cc991d7bc3da7,34635,7.765714152017608,7.69564045604784,7.765146724996157,42.60346624736842,58.883011463995516,0.9996427279258802,1.2932987374369986e-06,0.0011372329301585487,0.0009857092518359423,0.0019637644290924072,0.9999986517747094,0.80609130859375,1.52587890625e-05,0.6281966493328242,0.6937367916107178,0.832908633411083,5.979410171508789,0.0,0.9939337372779846,0.9900134619135268,0.6123603298492322,0.5891561620807242,0.6281966493328242,0.6937367916107178,0.832908633411083,5.979410171508789,0.0,0.9939337372779846,0.9900134619135268,0.6123603298492322,0.5891561620807242,37.789639723915975,0.979059305940299,0.0001663550647208467,0.012897870549856154,0.009259040467441082,0.3777503967285156,0.9997760633061485,0.1505889892578125,0.0005950927734375,44.08281879952877,0.9957876915002098,3.905873018084094e-05,0.006249698407190618,0.00426755053922534,0.23560088872909546,0.9999469656600846,0.309661865234375,0.00067138671875,37.45046159055313,0.9787687894621997,0.37947219610214233,0.1443634033203125,43.3049753154507,0.6276003047853641,0.8334839009318898,0.988754915072603,0.5873216930773998,0.5873216930773998,37.747340597688286,0.9786653454242368,0.3733065128326416,0.1479949951171875,44.0043568336756,0.6632286243541995,0.792173127414557,0.9913674821738636,0.6694313423475075,0.6694313423475075
1,dev_v1.1_007|S0,dev_v1.1_007,0,S0,1911,500,1,cbad9d3f3805cedef89d97c018012733ab09ba9fb17191224f87c2c7ed1f6107,range_preserving_png/v1,-0.40587374567985535,0.9902702569961548,becfceaf,3f7d825a,e23d1c9a54585164fe47e36c272eb8a000ea09c02324ed3004bf67312e3a0ad0,52659,7.760076795937493,7.696086504962295,7.764000658993609,5.6794278886312535,56.02136241778886,0.9997712540025298,2.4995611056510825e-06,0.001581000033412739,0.001368843368254602,0.002737492322921753,0.9999624949193042,0.773712158203125,4.57763671875e-05,0.9997022876451793,0.0005659328890033066,0.02378934402213114,0.15091228485107422,0.0,0.9967970848083496,0.9997007776480231,0.9997029287648824,0.9992644663050436,0.9997022876451793,0.0005659328890033066,0.02378934402213114,0.15091228485107422,0.0,0.9967970848083496,0.9998708791214008,0.9996954393573212,0.9992644663050436,37.799340640663125,0.9767315054854763,0.00016598388901911676,0.012883473484240062,0.0086819501593709,0.5061633586883545,0.9997627061787026,0.1587982177734375,0.0004119873046875,42.19994356891548,0.994264762494461,6.025674156262539e-05,0.007762521598206693,0.004504804499447346,0.3670130968093872,0.9999093024385767,0.3147735595703125,0.0004425048828125,32.87771554208782,0.9697318089765877,0.4077322483062744,0.10540771484375,32.23537249373821,0.9907272702835165,0.13250004956181516,0.9957657881284055,0.9775992246759265,0.9775992246759265,38.43109693390928,0.9771897233365295,0.3937094211578369,0.164215087890625,43.92500671328187,0.9999207452595917,0.01253910198012343,0.9999556589568005,0.9998075670795643,0.9998075670795643
1,dev_v1.1_007|S1,dev_v1.1_007,0,S1,1911,500,1,fd837407a52b183957b4bdbcca94e2b67d50d62d7376c8d9d18ea5aa1ab928a8,range_preserving_png/v1,-0.41359907388687134,0.8809050917625427,bed3c342,3f6182ff,ee1daa58920ebcc10056a7003d96b91b2fec5eca51b13694d992da4328b44fb3,53349,7.76623660302721,7.696615042979829,7.765933156944811,5.561067796521644,56.670995573996294,0.9998159881083893,2.1522882889257744e-06,0.0014670679223968378,0.0012710720766335726,0.0025382712483406067,0.999961902921761,0.7911376953125,4.57763671875e-05,0.9997287160265881,0.0005181736196391284,0.022763427238426302,0.13511252403259277,1.52587890625e-05,0.9967576265335083,0.9995631035770502,0.99973073736403,0.9993242332864753,0.9997283338262486,0.0005181736196391284,0.022763427238426302,0.13511252403259277,1.52587890625e-05,0.9967573881149292,0.9998918943155789,0.9997213689840055,0.9993242332864722,38.7163650147382,0.9766286577511167,0.00013438893074635416,0.011592623980201987,0.008678195998072624,0.1482464075088501,0.9998141108523735,0.159820556640625,0.0004730224609375,43.564120037721,0.9940253259877285,4.401371188578196e-05,0.006634283072479042,0.004305302631109953,0.2538301944732666,0.999935076465696,0.3192291259765625,0.0005035400390625,31.76040000380826,0.9437652173373694,0.42117661237716675,0.0982513427734375,30.76708604220192,0.9907638164882798,0.13269261250459571,0.9966174293272407,0.9778958823956032,0.9778958823956028,39.1232857086244,0.9772166257999243,0.14986813068389893,0.165679931640625,44.671530403193046,0.9999203602418449,0.012573786140452861,0.9999696044128313,0.9998032029956703,0.9998032029956716
1,dev_v1.1_008|P,dev_v1.1_008,0,P,1911,500,1,cea9ff80595e2c09e7cec2dee5156738f49e208dbd5a7961e8e103402cf18c7e,range_preserving_png/v1,-0.007451973855495453,1.0,bbf42fb0,3f800000,00042637ea8ae995cf8f20220a80abfaa7abe32e6726850b9801bc18bf8fe649,34240,7.759753605001606,7.698614121996798,7.763381025055423,42.11033520517206,58.861330288171,0.9995497286899246,1.2997713838558411e-06,0.0011400751658797947,0.000986685510724783,0.0019753575325012207,0.9999972938509799,0.7357940673828125,0.0001220703125,0.47383721022707714,0.9859230518341064,0.9929365799657632,7.8444390296936035,0.0,0.9920302629470825,0.9847061459011041,0.45066982465628863,0.43801970594710904,0.47383721022707714,0.9859230518341064,0.9929365799657632,7.8444390296936035,0.0,0.9920302629470825,0.9847061459011041,0.45066982465628863,0.43801970594710904,38.28750978028557,0.9699196572656178,0.0001483368396293372,0.012179361215980795,0.00937163457274437,0.21760505437850952,0.9998071144730966,0.1392974853515625,1.52587890625e-05,45.052154864896565,0.993927345037906,3.124528666376136e-05,0.005589748354242914,0.00413953373208642,0.14311912655830383,0.9999596159421773,0.30706787109375,3.0517578125e-05,38.22593789664328,0.9690763942114798,0.18647298216819763,0.1320648193359375,44.460494584526664,0.4735285402993566,0.993322549213098,0.9888790401610653,0.4368845712789926,0.4368845712789926,38.22465274189778,0.9693653018671696,0.22604471445083618,0.1383819580078125,44.903718517011356,0.4874472918036195,0.979482511889057,0.9884939365909223,0.5040447562766857,0.5040447562766857
1,dev_v1.1_008|S0,dev_v1.1_008,0,S0,1911,500,1,678c6ae2fade6a205933a60ac3f4e9b7343971ccd4207ba41bad6e5322628b53,range_preserving_png/v1,-0.47124549746513367,0.9835769534111023,bef14717,3f7bcbb3,ec6f3e318d23991941ea93600abcf0e86646d828452e7f1dd985175a10813840,53561,7.76816172990948,7.6992955160094425,7.767936793970875,5.22382217095791,55.66771931929047,0.9998135523455931,2.7116152523376513e-06,0.001646698288192968,0.0014277754817157984,0.0028525888919830322,0.9999603092479667,0.7966156005859375,1.52587890625e-05,0.9997537619369901,0.00047285036998800933,0.021745122901193483,0.11493825912475586,0.0,0.9968302249908447,0.9996722962516522,0.999755180073397,0.9993502636308161,0.9997537619369901,0.00047285036998800933,0.021745122901193483,0.11493825912475586,0.0,0.9968302249908447,0.9999033047680648,0.9997470180488692,0.9993502636308161,38.494422648068465,0.9661319361107628,0.0001414352736901492,0.011892656292441533,0.009085800498723984,0.18511569499969482,0.9997995032716032,0.1427154541015625,1.52587890625e-05,44.596564729947175,0.9941226536690839,3.4701122785918415e-05,0.005890765891284291,0.004045618698000908,0.17887485027313232,0.9999479990654276,0.32781982421875,4.57763671875e-05,31.177116268827184,0.9619656346062911,0.709227979183197,0.0853424072265625,30.538257345470498,0.9892800498381777,0.14286633977066418,0.9950870813800066,0.9726056801383309,0.9726056801383309,38.46420803891606,0.9661542115150127,0.25493133068084717,0.148468017578125,44.194324755046416,0.9999384558652573,0.011201076295140557,0.9999651712739267,0.999837976163194,0.999837976163194
1,dev_v1.1_008|S1,dev_v1.1_008,0,S1,1911,500,1,7442e46e6663c72a72926b2e221d638978905c51f1b906c5d5f0701a7e27dc1f,range_preserving_png/v1,-0.42915478348731995,0.8399382829666138,bedbba2d,3f570632,a042f535ce6fcc5fbeb9b2bfe63c17ef1da5c3b8b35cf7c0018a941cc8179c94,55285,7.768025930039585,7.711352968006395,7.783924482995644,5.290130313543139,56.85873085839249,0.9998568507124046,2.0612321804946987e-06,0.0014356991956864429,0.0012430849019438028,0.0024884045124053955,0.9999652642767376,0.8214263916015625,3.0517578125e-05,0.9998155503643434,0.00035762781044468284,0.01891104995616803,0.09141874313354492,1.52587890625e-05,0.996784508228302,0.9997519461432489,0.9998162208240094,0.9995104433570559,0.9998154870915997,0.00035762781044468284,0.01891104995616803,0.09141874313354492,1.52587890625e-05,0.9967843890190125,0.9999347351286612,0.9998100071252292,0.9995104433570583,38.59355598602026,0.9655790638258911,0.0001382433983962983,0.011757695284208478,0.008998371660709381,0.1658554971218109,0.9998078279174574,0.14593505859375,1.52587890625e-05,45.23151831832219,0.9938741292305017,2.9981141778989695e-05,0.00547550379225416,0.0037338403053581715,0.10678304731845856,0.9999562759227768,0.3580474853515625,3.0517578125e-05,31.42238558236269,0.9122360458098928,0.30025118589401245,0.077545166015625,30.02437204421339,0.9902789626138496,0.13660078409009704,0.9963032279390298,0.975166991379675,0.9751669913796748,38.653193035629,0.9656801529126655,0.1962827444076538,0.148040771484375,45.70406783945138,0.9999483940415697,0.010329501820092075,0.9999804663229779,0.9998638724558669,0.9998638724558669
1,dev_v1.1_009|P,dev_v1.1_009,0,P,1911,500,1,323ca4f0e8b34039a95f4157948e70305b7beac60e4ab12151808c66476d10a9,range_preserving_png/v1,0.001412808895111084,1.0,3ab92e00,3f800000,93945c02395b7aef0057f560762b0d5faa81a88309f710517414409a69256197,32320,7.776955517008901,7.706169010954909,7.769238403998315,42.74353555730602,58.9469245301719,0.9995220888902383,1.274405235562881e-06,0.0011288955822231217,0.0009763718117028475,0.001958012580871582,0.9999961394433077,0.816680908203125,0.0012054443359375,0.32769105639332213,1.254713773727417,1.1201400687982808,8.012781143188477,0.0,0.9946085214614868,0.9747596690684278,0.30044817064606416,0.40702856878100724,0.32769105639332213,1.254713773727417,1.1201400687982808,8.012781143188477,0.0,0.9946085214614868,0.9747596690684278,0.30044817064606416,0.40702856878100724,38.82282130350816,0.9776920204004809,0.00013113477325532585,0.01145140922573837,0.008693643845617771,0.08466115593910217,0.9998274602334889,0.1572265625,0.0010528564453125,45.38468151710212,0.9948057073814374,2.894222052418627e-05,0.005379797442672565,0.004101971164345741,0.04165303707122803,0.9999618971130172,0.3017730712890625,0.0011444091796875,37.99804618346641,0.9760660964956762,0.08743289113044739,0.1157684326171875,43.35911473766194,0.32669369390780534,1.1208725554872558,0.9775032442087844,0.41214957825851406,0.41214957825851406,38.79421134058214,0.9772867915667935,0.08499342203140259,0.155670166015625,45.36388485635074,0.31997528793692204,1.1257548448906083,0.9781632939126662,0.4772261254961987,0.4772261254961987
1,dev_v1.1_009|S0,dev_v1.1_009,0,S0,1911,500,1,9b886e41e507fea15991609acb8a85e020b31a058e6361adc5b15f90cadd00fa,range_preserving_png/v1,-0.38204699754714966,0.9458865523338318,bec39baa,3f72259f,fa2bffa707b094bd53afe7439c885e736d6bafb08d737d7dafa53d6aece4890c,53147,7.769447381957434,7.69929860800039,7.765960660064593,5.2219475563972555,56.46468658610574,0.9997938995172377,2.2569988686882425e-06,0.001502331144817361,0.0013000755570828915,0.002603769302368164,0.9999648729819063,0.8013763427734375,3.0517578125e-05,0.9997226145617157,0.0005287975654937327,0.022995598828770097,0.10988998413085938,0.0,0.9967842102050781,0.9996682905115964,0.9997233222332078,0.9993002965511977,0.9997226145617157,0.0005287975654937327,0.022995598828770097,0.10988998413085938,0.0,0.9967842102050781,0.9998507963192486,0.9997166341154591,0.9993002965511977,39.429268107323004,0.9724535173518399,0.00011404419637983665,0.010679147736586316,0.008344313129782677,0.07483628392219543,0.999843522798307,0.1514892578125,0.0009918212890625,45.5912522213456,0.9940843994287933,2.7597820007940754e-05,0.005253362733330029,0.003923686686903238,0.0769554078578949,0.9999598927030888,0.3264007568359375,0.00103759765625,32.72196331847451,0.9436264674444161,0.6745097637176514,0.087249755859375,31.92095902519991,0.9911498419355602,0.1295376759604393,0.9961864341169597,0.978211814460246,0.978211814460246,39.63412235862714,0.9725317449409233,0.07378789782524109,0.1559600830078125,46.30233332630123,0.9999186699502931,0.0127314393970771,0.9999427797104535,0.9997971872196847,0.9997971872196847
1,dev_v1.1_009|S1,dev_v1.1_009,0,S1,1911,500,1,da92d83e8b6895664101815fec20d9c4377e78ca3023665bb1d3f3de7b437452,range_preserving_png/v1,-0.3953319787979126,0.795708179473877,beca68f4,3f4bb388,e960c46e98d405e169752efaaff3a5b99737fe70ee82d8f67814ce464d4fa0d8,54420,7.770583881065249,7.700421393965371,7.7676978930830956,5.3811164225176675,57.38869141434883,0.9998544992262176,1.8244453485749546e-06,0.0013507203073082727,0.001170349307358265,0.00233536958694458,0.9999685586676279,0.8098297119140625,3.0517578125e-05,0.9997747405787829,0.00043194767204113305,0.020783350837656884,0.12423205375671387,0.0,0.9967349767684937,0.9996848580482111,0.9997765617771723,0.999426809052044,0.9997744856737212,0.0004319476429373026,0.020783350137485116,0.12423205375671387,0.0,0.9967347383499146,0.9999113153100977,0.9997688925982988,0.9994268090520451,39.64909609832003,0.972688505940415,0.00010841525363503024,0.010412264577652175,0.008051643148064613,0.06873452663421631,0.9998529945239564,0.1606903076171875,0.001068115234375,46.43833256557126,0.9942180778841715,2.270736513310112e-05,0.00476522456271487,0.0035042432136833668,0.06719407439231873,0.9999675302802622,0.365081787109375,0.001129150390625,31.02214307251023,0.871622444939219,0.27729472517967224,0.06585693359375,29.671915449270898,0.9901390281026098,0.1375005982125881,0.9963038039107512,0.975881812324723,0.9758818123247222,39.684572089316845,0.9725183364058969,0.06860172748565674,0.158477783203125,46.83468993492493,0.9999284831479653,0.011998915439199478,0.9999703808199967,0.9998181844376446,0.9998181844376458
1,dev_v1.1_010|P,dev_v1.1_010,1,P,1911,500,1,1cccf8eb83b34167e63fc96af9fdb99272a9999290f8029174698c910ec8ecc4,range_preserving_png/v1,-0.006092308089137077,0.9985333681106567,bbc7a1fc,3f7f9fe2,99c47f07b5c519b803d82bb4a5fe4d2d9b1ac33721c70926abb0aba944bf8b5c,30495,7.769068918074481,7.702611800050363,7.770121712004766,42.12111517230614,58.8757155844204,0.9993903489943722,1.2954732255821e-06,0.001138188572066202,0.0009860690915957093,0.0019698739051818848,0.9999978380516954,0.723419189453125,3.0517578125e-05,0.03985079745048235,1.7928338050842285,1.338967439889495,9.194822311401367,0.0,0.9947313666343689,0.9627108727760981,-0.0011560235625023838,0.2917623173686172,0.03985079745048235,1.7928338050842285,1.338967439889495,9.194822311401367,0.0,0.9947313666343689,0.9627108727760981,-0.0011560235625023838,0.2917623173686172,38.16096490601999,0.9721042708330543,0.00015272267046384513,0.012358101410161883,0.008963925763964653,0.09742672741413116,0.9998005288551897,0.16241455078125,1.52587890625e-05,44.06531428277813,0.9914365615446549,3.921647657989524e-05,0.006262306011358376,0.004527389537543058,0.06508547067642212,0.9999471055860208,0.2984619140625,0.0,38.291448647535006,0.971341332901046,0.10255104303359985,0.152801513671875,44.01005814704079,0.04138679711928884,1.337913613226317,0.9687836553198917,0.29590295810542033,0.29590295810542033,38.112314495462584,0.9710885586067052,0.12579363584518433,0.1661834716796875,43.98095001297557,0.003567626731769083,1.3631457067400958,0.9673106077443606,0.35742883883663434,0.35742883883663434
1,dev_v1.1_010|S0,dev_v1.1_010,1,S0,1911,500,1,09af2c0a14f66f249c1037dcf6ec8c3158a6eec21fc776439ccc935144b386eb,range_preserving_png/v1,-0.386116087436676,0.9650248289108276,bec5b102,3f770bde,2f57c936dbce329b0afdcc38a7e0197ce546065945e1983cc53c51069a6bf188,53191,7.768847676925361,7.697816384024918,7.77149313793052,5.11271524295208,56.32051296162231,0.99980124396863,2.3331824650085764e-06,0.0015274758476023693,0.0013214614009484649,0.0026492811739444733,0.9999651991432662,0.8007965087890625,1.52587890625e-05,0.9997289541913469,0.0005182420718483627,0.022764930745520898,0.13074636459350586,0.0,0.9967260956764221,0.9996716804995891,0.9997293210438225,0.9993170270177573,0.9997289541913469,0.0005182420718483627,0.022764930745520898,0.13074636459350586,0.0,0.9967260956764221,0.9998780690739638,0.9997216508473117,0.9993170270177573,38.60441226090784,0.9690697408943029,0.00013789825607091188,0.011743008816777405,0.008079517632722855,0.3554275631904602,0.9998116587292134,0.1623687744140625,0.0,43.034972430159854,0.9933220693013722,4.971675298293121e-05,0.007051010777394346,0.003726264927536249,0.3271715044975281,0.9999267065592394,0.3378143310546875,1.52587890625e-05,32.55787617257671,0.942833259054256,0.6143791079521179,0.088287353515625,31.813041557592946,0.9913223051627532,0.12824880677592054,0.9962408968301479,0.9788727318308192,0.9788727318308192,37.56110781841707,0.968279411549873,0.4894794523715973,0.1644134521484375,40.811630465522306,0.9999218843383578,0.012531826872505978,0.999946763007093,0.9998037259710102,0.9998037259710102
1,dev_v1.1_010|S1,dev_v1.1_010,1,S1,1911,500,1,89fdf0dcfb1dac44f62875a8637e86f8b5529d1a6c42749dec1c221dc3a8ca6e,range_preserving_png/v1,-0.3802342414855957,0.8444538116455078,bec2ae10,3f582e20,a4da83c010e32799341e482b746262b7e85425348df011581f10b04c3fe54cb1,54070,7.769191739032976,7.701293108984828,7.769697517971508,5.536332724739925,57.181827835334076,0.9998415852821589,1.9134504327666946e-06,0.0013832752556041385,0.0011973263463005424,0.002401381731033325,0.99997113928082,0.81787109375,3.0517578125e-05,0.9997647736723888,0.0004499344213400036,0.021211657675438842,0.12084579467773438,0.0,0.9967739582061768,0.9997429620224585,0.9997656712759954,0.9994073714157008,0.9997649647647842,0.00044993439223617315,0.02121165698940498,0.12084579467773438,0.0,0.9967740178108215,0.9999139190373699,0.9997580478848316,0.9994073714157001,39.368325314963336,0.969080638100731,0.00011565581371542066,0.01075433929701963,0.008051618002355099,0.15029746294021606,0.9998471172152311,0.16705322265625,1.52587890625e-05,45.369674769283456,0.9936536798511408,2.9042401365586556e-05,0.005389100237106984,0.0036382218822836876,0.1373436450958252,0.9999584649137777,0.3420257568359375,0.0,31.94572114004513,0.8865011742590003,0.4793021082878113,0.0708160400390625,30.564163865150206,0.9909657688808922,0.1313553492338819,0.9966688634303005,0.9780823654610615,0.9780823654610615,39.55557958063143,0.9693876167126914,0.14193397760391235,0.1681976318359375,46.1962676201507,0.9999287049304777,0.011970952781697915,0.999972884807885,0.9998202100400985,0.9998202100400982
1,dev_v1.1_011|P,dev_v1.1_011,1,P,1911,500,1,978a657e73d6e75f4657254721507cdfd5d07bb46654c5220c741fda76e6d925,range_preserving_png/v1,-0.0015476197004318237,0.998916506767273,bacad980,3f7fb8fe,349ff0d4348b10eda3de1793010ffc76dbf8444b32c6240f3225ffae65a6a990,30178,7.767025187960826,7.705302483052947,7.7678674650378525,41.695320103690676,58.960837505916174,0.9993248864119658,1.2703291076832102e-06,0.00112708877542242,0.0009749291930347681,0.0019617080688476562,0.9999981998967821,0.6695709228515625,1.52587890625e-05,0.010978567223125686,1.8537509441375732,1.3615252271396125,8.66882610321045,0.0,0.9951128959655762,0.9635308520682904,-0.03138558051128239,0.307603911849354,0.010978567223125686,1.8537509441375732,1.3615252271396125,8.66882610321045,0.0,0.9951128959655762,0.9635308520682904,-0.03138558051128239,0.307603911849354,37.91712146825066,0.970432746425557,0.00016154289187397808,0.012709952473317045,0.009271614253520966,0.10652267932891846,0.9997879855858995,0.167205810546875,1.52587890625e-05,43.3671566629494,0.9884138774533234,4.6055800339672714e-05,0.006786442391980699,0.004987489432096481,0.09881490468978882,0.9999373903653801,0.2617645263671875,0.0,37.8774182518527,0.9724505348669413,0.11652481555938721,0.16107177734375,43.40661380391167,0.012254587831228915,1.3605672058811944,0.9603879880514109,0.30637349034298117,0.30637349034298117,37.87000214170405,0.970002917364142,0.14292019605636597,0.1690826416015625,43.31820932404004,-0.021559345680963043,1.3831013954241058,0.9634394995930108,0.361812277591899,0.361812277591899
1,dev_v1.1_011|S0,dev_v1.1_011,1,S0,1911,500,1,ac1312c513c95c43cfdf8787def471a97cc1b4d179123134dd9eb7cec85a170d,range_preserving_png/v1,-0.47660237550735474,0.9015000462532043,bef4053a,3f66c8b5,90d59a34ef8467fc3eb019e5107eee29e43152c0e52146c37c05f2729e86d3ca,53462,7.765978144947439,7.697515279985964,7.771259212982841,5.3681521407940656,56.11560170973416,0.9998026094534332,2.4459063752146903e-06,0.00156393937709065,0.0013544565299525857,0.002702087163925171,0.9999640900586081,0.7826995849609375,3.0517578125e-05,0.9997401809082493,0.0004977109492756426,0.022309436328057295,0.12281966209411621,0.0,0.9967970252037048,0.999712101744376,0.9997408101987992,0.9993418677037867,0.9997401809082493,0.0004977109492756426,0.022309436328057295,0.12281966209411621,0.0,0.9967970252037048,0.9998936368701112,0.9997336893337538,0.9993418677037867,38.44933419370867,0.9628904316714505,0.0001429113035555929,0.011954551583208501,0.00849064625799656,0.3641752600669861,0.9998070497913091,0.15521240234375,0.0,42.840528748044086,0.991579053527766,5.199326915317215e-05,0.007210635835567634,0.004349452443420887,0.3196089267730713,0.9999242102778623,0.2916259765625,0.0,30.639930154010674,0.8811298971093828,0.4857408106327057,0.073028564453125,29.599451320244995,0.9889792526854472,0.1450705005201413,0.9954232402071066,0.9730555959295026,0.9730555959295026,38.13879585075207,0.9623602723924837,0.49765217304229736,0.160614013671875,42.01728868738944,0.9999283141969066,0.01201351436320409,0.9999578126335855,0.9998204949246804,0.9998204949246804
1,dev_v1.1_011|S1,dev_v1.1_011,1,S1,1911,500,1,291793a5ba89df515563def759717c90833a2ace1f216c87fd933f7ee3e79635,range_preserving_png/v1,-0.4283638000488281,1.0,bedb5280,3f800000,15403e21376305c707b3c718d8c536e3cb3ef7c28c918ef076ec4310b6c69756,52900,7.769403713056818,7.699912887997925,7.768427108996548,5.332007034796407,55.80126648384344,0.9998089262491435,2.6295010684407316e-06,0.0016215736395368333,0.0014054094208404422,0.0028007328510284424,0.9999606648071563,0.7744293212890625,3.0517578125e-05,0.9997172654431767,0.0005411353777162731,0.02326231668850446,0.30736351013183594,0.0,0.9968181252479553,0.9995419307974135,0.9997195359186436,0.9992807501294582,0.9997174558685115,0.0005411353195086122,0.02326231543738955,0.30736351013183594,0.0,0.9968180060386658,0.9998966908857729,0.9997087658109098,0.9992807501294594,38.98971442223045,0.9624457290512136,0.00012619105109479278,0.011233479028991543,0.008542501367628574,0.09836342930793762,0.9998300306088641,0.1556243896484375,0.0,45.58180550163529,0.9923824351047211,2.7657915779855102e-05,0.005259079366187119,0.003827813547104597,0.07590356469154358,0.9999604057660388,0.3321380615234375,0.0,34.490657231968235,0.9637068987434143,0.5367600917816162,0.12640380859375,33.62441673910234,0.990776726560317,0.13227333695291432,0.9964787380320745,0.9775302831633699,0.9775302831633705,39.39217417781851,0.9628910243790247,0.10477954149246216,0.1639556884765625,46.403781102213614,0.9999257768022729,0.012219545387196842,0.9999728322314672,0.9998107717057348,0.9998107717057326
1,dev_v1.1_012|P,dev_v1.1_012,1,P,1911,500,1,d397cc45b5cc0e94f8de192bae89e43f26394488ac60b6ed05bb0c6e64519252,range_preserving_png/v1,4.149973392486572e-06,0.9962339997291565,368b4000,3f7f0931,f6ef4dd709359a14759e3ebf23e992a1be69eabac5ab05ba39a1a5deb5620d6e,30780,7.769745760015212,7.701658563921228,7.769057709956542,40.604646921503786,58.959500306866445,0.999295714296104,1.2707203040918102e-06,0.0011272623049192279,0.0009760288521647453,0.001953423023223877,0.9999998198248192,0.7400054931640625,3.0517578125e-05,-0.06872678201989171,1.99973464012146,1.4141197403761323,9.184311866760254,0.0,0.9953853487968445,0.9526099945902148,-0.11316716580603989,0.3230045294696823,-0.06872678201989171,1.99973464012146,1.4141197403761323,9.184311866760254,0.0,0.9953853487968445,0.9526099945902148,-0.11316716580603989,0.3230045294696823,36.50607290432849,0.9705426468496675,0.00022355928376782686,0.014951899002060804,0.008226093836128712,0.5896187424659729,0.9996979964636854,0.16424560546875,0.0,39.77005519138152,0.9869759604476441,0.00010543734970269725,0.010268269070427462,0.0044359927996993065,0.5688367486000061,0.9998481347116563,0.2987823486328125,0.0,37.05516544403285,0.9709105774073966,0.5849374532699585,0.1715850830078125,40.93169756423868,-0.06849821878127421,1.4140025173553332,0.9521134931182791,0.3203250291326021,0.3203250291326021,36.69276666629703,0.9704382956868015,0.5867244601249695,0.166717529296875,40.24954376968651,-0.11333647591014939,1.442610405675162,0.9512950028714191,0.38940466966321774,0.38940466966321774
1,dev_v1.1_012|S0,dev_v1.1_012,1,S0,1911,500,1,5022165bac2e34fcb07cc015f1befde64c22da82876c83208dd5fb6d3005bd9a,range_preserving_png/v1,-0.4000488519668579,0.9835536479949951,beccd334,3f7bca2c,400d52c53d765dd0f7b56952c2421a0ede8b354e98488654cbd42b9cab48bfd2,52952,7.766767999972217,7.700398943969049,7.767625762033276,5.218866175193516,56.124809105273464,0.9997892449515162,2.4407263481407426e-06,0.0015622824162553782,0.001351516111753881,0.002712920308113098,0.999963486146535,0.7858428955078125,3.0517578125e-05,0.9997249035221892,0.0005259369499981403,0.022933315285805066,0.12601995468139648,0.0,0.9967831969261169,0.9996889664012782,0.9997248492338504,0.9992924240495633,0.9997249035221892,0.0005259369499981403,0.022933315285805066,0.12601995468139648,0.0,0.9967831969261169,0.9998813220377643,0.9997177241372538,0.9992924240495633,36.3661113481304,0.9607561596140713,0.00023088135640136898,0.01519478056443623,0.008538373745977879,0.5992951989173889,0.9996793095834066,0.1591033935546875,0.0,39.933665857701556,0.9870328762194841,0.00010153912444366142,0.010076662366263018,0.004669645801186562,0.39041054248809814,0.9998505440773889,0.3043975830078125,0.0,30.583905465575263,0.9318528517341934,0.6500477194786072,0.087127685546875,30.36395668797371,0.9917169843265065,0.1252990364395381,0.9963547753871702,0.9792858074018927,0.9792858074018927,37.91941812214186,0.9646626665655995,0.5975614786148071,0.1739654541015625,43.651905089828496,0.9999267083631611,0.012105910368933184,0.9999502356669077,0.999813933217001,0.999813933217001
1,dev_v1.1_012|S1,dev_v1.1_012,1,S1,1911,500,1,2700d5bc8aa76f0c035ba8853259f8b36b2372c881d8ddbe98ae1fbdb7e765a7,range_preserving_png/v1,-0.36124247312545776,0.8059618473052979,beb8f4c6,3f4e5384,6eee374cd2496b55deef4f1735f32e2d05b28703e026745262dec984936d0f70,54790,7.772005170001648,7.703834765008651,7.776169648976065,4.873754357830748,57.54764914881065,0.9998479816840719,1.758875441737473e-06,0.0013262260145757484,0.0011505038710311055,0.002288609743118286,0.9999759332835292,0.82086181640625,1.52587890625e-05,0.9997910601483371,0.00040176132461056113,0.02004398474881083,0.1081535816192627,0.0,0.9967399835586548,0.999699365104598,0.9997923557741043,0.9994608141606648,0.9997908056806183,0.00040176132461056113,0.02004398474881083,0.1081535816192627,0.0,0.9967402219772339,0.9999230707013995,0.9997849907625661,0.999460814160665,38.60084909977784,0.9654548868895437,0.00013801144086755812,0.011747827070039725,0.007543028797954321,0.6101858615875244,0.9998149483766215,0.1782379150390625,0.0,45.81363047638675,0.9915653924156533,2.6220257495879196e-05,0.005120571989131605,0.0035806468222290277,0.09089607000350952,0.9999630682267105,0.366455078125,0.0,31.584383502696724,0.8592786008890465,0.6387446522712708,0.0766754150390625,30.48263259432381,0.991468798715816,0.1278796644180475,0.9968540370741276,0.978690153252946,0.9786901532529447,38.69943238239864,0.9655251041006899,0.6065385341644287,0.1822357177734375,46.397536872509846,0.9999352307293924,0.011507593087909999,0.99997590383742,0.9998319029907695,0.99983190299077
1,dev_v1.1_013|P,dev_v1.1_013,1,P,1911,500,1,0ae659f13dfba6a7863436fe1b72e005dabaf98ac702492cea0f762242c82da8,range_preserving_png/v1,-0.001999327912926674,0.9959573149681091,bb030728,3f7ef70f,8cf8fed4225de0ee9e2301045f13c2497971eb7dc1e06564a8e013070e3ae8db,30235,7.7734529270092025,7.706465282011777,7.777195225935429,41.96075580765769,58.91271253028188,0.9992780919570367,1.2844841421610909e-06,0.001133350846896534,0.000981997000053525,0.0019567012786865234,0.9999983808552323,0.7656707763671875,3.0517578125e-05,0.03497573668653747,1.806692123413086,1.3441324798594392,8.343770980834961,0.0,0.9957720637321472,0.9618119555902087,-0.006702422515462507,0.3090800766819345,0.03497573668653747,1.806692123413086,1.3441324798594392,8.343770980834961,0.0,0.9957720637321472,0.9618119555902087,-0.006702422515462507,0.3090800766819345,38.40272978114801,0.9716419923404206,0.0001444531517336145,0.012018866491213491,0.008827025070786476,0.12152218818664551,0.9998139397859147,0.14794921875,0.0,44.163429856429374,0.989338273982859,3.834043309325352e-05,0.00619196520446082,0.004563238937407732,0.061478257179260254,0.9999488966922255,0.2848052978515625,0.0,38.73267281359077,0.9718928592298347,0.12186965346336365,0.1704254150390625,44.74275349127207,0.03811125745718884,1.3421409199173633,0.9617985350679197,0.3097689578905644,0.3097689578905644,38.39037881528229,0.9712384269591995,0.12138816714286804,0.1487274169921875,44.27200207991515,0.004625533588618119,1.3645870218396992,0.9610358061490729,0.3619022393171698,0.3619022393171698
1,dev_v1.1_013|S0,dev_v1.1_013,1,S0,1911,500,1,44f35fe31a54f166bf13eb09ae3330c5f0a89a0d143ae20378851a0cc72010cd,range_preserving_png/v1,-0.41692811250686646,0.8009784817695618,bed5779a,3f4d0ced,664a168d3be1c557ee1b9228f7a9810447f7a1db81ecf4ec3bc6c269cb60b9f6,54902,7.7678296259837225,7.7008954879129305,7.767044292064384,5.083259464939182,57.21145240291318,0.9998409525675207,1.9004426121682627e-06,0.0013785654181678367,0.0011947744060307741,0.0023880302906036377,0.9999671840150179,0.8247528076171875,3.0517578125e-05,0.9997906630371416,0.0004015174927189946,0.020037901405062224,0.12011146545410156,0.0,0.9968045949935913,0.9997494511508355,0.9997917676485958,0.9994602454568424,0.9997906630371416,0.0004015174927189946,0.020037901405062224,0.12011146545410156,0.0,0.9968045949935913,0.99991397730809,0.9997855213916499,0.9994602454568424,39.34917005990874,0.9653517597368236,0.00011616705887718126,0.010778082337650853,0.00821294542402029,0.12086206674575806,0.9998518908629784,0.1560516357421875,0.0,45.9505314083339,0.9934741139502982,2.5406618078704923e-05,0.005040497800684465,0.0035506775602698326,0.09063422679901123,0.9999662529494832,0.3555908203125,0.0,30.579137626749006,0.844368422258076,0.3407246768474579,0.0601348876953125,29.13629776034416,0.989080184714913,0.14473528893606485,0.9951230464031077,0.9727188146311988,0.9727188146311988,39.37331821099351,0.9656444081769726,0.11976894736289978,0.1554412841796875,46.195475706669235,0.9999341646399235,0.01151847507725008,0.9999609326158485,0.9998316950293655,0.9998316950293655
1,dev_v1.1_013|S1,dev_v1.1_013,1,S1,1911,500,1,8785b7688c6a25f2e4c01ef488d8e76c30c709a916abfa84f79cda978e4e546b,range_preserving_png/v1,-0.4535001218318939,0.7541314363479614,bee8312b,3f410ec2,73c7e90eb8eceb30856ffa3b0eab0a4ce1b05b8dc8536458d3a73c1e397b4c70,55086,7.7667297719744965,7.699864392983727,7.76819998701103,5.422108329153615,57.272951077454344,0.9998604766110776,1.87372086202231e-06,0.0013688392389255614,0.0011863401159644127,0.0023678839206695557,0.9999665973051082,0.8199920654296875,4.57763671875e-05,0.9997982217560712,0.00038720641168765724,0.01967756112143111,0.12355613708496094,0.0,0.9967519044876099,0.9996934007495557,0.9998003655680401,0.9994786588657104,0.9997983490191715,0.0003872064407914877,0.019677561860949332,0.12355613708496094,0.0,0.9967517256736755,0.9999277947972802,0.9997930694479267,0.9994786588657105,39.22086525440057,0.9645626797304769,0.00011965021258220077,0.01093847396039323,0.008280033245682716,0.11746925115585327,0.9998429118202703,0.1589508056640625,0.0,46.43603498144519,0.9931851306013786,2.2719381377100945e-05,0.0047664852225828775,0.0034345733001828194,0.08724141120910645,0.9999689792906105,0.3631591796875,0.0,29.120032636899605,0.772624639972991,0.42349737882614136,0.0560760498046875,27.868581175954212,0.9877361923087373,0.15368560233230227,0.9953929417134875,0.9697181282073045,0.9697181282073062,39.61282901106367,0.9650716829283119,0.12089051306247711,0.162872314453125,47.03506488724807,0.9999358151231275,0.011415916090417961,0.9999762673933249,0.9998339566318487,0.9998339566318486
1,dev_v1.1_014|P,dev_v1.1_014,1,P,1911,500,1,6d6e95609294cb105943cf76c2e45653f676bd8fa9ae8cee990bd4fa045a3d25,range_preserving_png/v1,-0.0005764150992035866,0.996171236038208,ba171a90,3f7f0514,fdb5666e9c9b4b50ba04ba8735043290973eb1a10115ba5de614d316d44996b4,31310,7.769108486012556,7.702172465971671,7.772767046932131,40.431876702810925,58.95768810921396,0.9994166695544671,1.2712506531897816e-06,0.0011274975180415173,0.0009764114511199296,0.001954376697540283,0.9999979343743548,0.7108306884765625,3.0517578125e-05,-0.024585485580447555,1.921525001525879,1.3861908243549583,9.439279556274414,0.0,0.9958922266960144,0.9566815935795489,-0.06686645624337503,0.35377187811819116,-0.024585485580447555,1.921525001525879,1.3861908243549583,9.439279556274414,0.0,0.9958922266960144,0.9566815935795489,-0.06686645624337503,0.35377187811819116,36.744271238854,0.9733009639541236,0.0002116278774337843,0.014547435424630153,0.009597919881343842,0.21059902012348175,0.9997116785971507,0.1656036376953125,0.0,42.96831008938638,0.9898965277223174,5.04857707710471e-05,0.007105333966186748,0.004999211989343166,0.1118764579296112,0.9999301445916816,0.27227783203125,3.0517578125e-05,36.798594785016675,0.9730007088540595,0.23600803315639496,0.1663818359375,43.013120568229304,-0.02474349977402373,1.386383230963437,0.9569086397670824,0.3565835358703686,0.3565835358703686,36.71704447713491,0.9731848490721747,0.20948220789432526,0.1668853759765625,43.02463777614939,-0.05788970417414232,1.4080009156543831,0.9579639408040564,0.4113930405039579,0.4113930405039579
1,dev_v1.1_014|S0,dev_v1.1_014,1,S0,1911,500,1,100ecc2207855bae70d713642b5d897fc8fb9c02e0674a15cfca5c245ac3f352,range_preserving_png/v1,-0.5315584540367126,1.0,bf081437,3f800000,666fa3768a9496d8f404cbbd4a5f44d7bc1b7513c9e4207131f1e6a7563f326b,52097,7.774161349050701,7.704568929038942,7.775032622041181,5.589678003382588,55.220385139148405,0.9997613742160713,3.005809730893816e-06,0.0017337271212315437,0.0015016758115962148,0.003003045916557312,0.9999571514572404,0.7560577392578125,4.57763671875e-05,0.9996767454965217,0.0006168654654175043,0.024836776469934745,0.6816699504852295,0.0,0.9967848062515259,0.999578896167219,0.9996778692012181,0.9991721848603907,0.9996767454965217,0.0006168654654175043,0.024836776469934745,0.6816699504852295,0.0,0.9967848062515259,0.9998671778261103,0.9996689100730219,0.9991721848603907,36.22705446419171,0.9621618842185032,0.00023839357891120017,0.015439999317072529,0.00887315720319748,0.440829873085022,0.9996635107043863,0.1673431396484375,0.0,37.840288041132766,0.9869254773034639,0.0001644262665649876,0.0128228805876444,0.004641520790755749,0.46887367963790894,0.9997544978346385,0.3302001953125,0.0,29.494054814715792,0.9171123095379844,0.630621075630188,0.0635833740234375,29.350596681938576,0.9889111037573778,0.14516851690545207,0.9947325185932003,0.9724993568716878,0.9724993568716878,36.52820367636617,0.9634742572223594,0.4303136467933655,0.1709747314453125,38.30722752634517,0.9999194077556032,0.012694965756706202,0.999958717543115,0.9997954619425807,0.9997954619425807
1,dev_v1.1_014|S1,dev_v1.1_014,1,S1,1911,500,1,1ab62362ab3c951ef407a1287f6534a1eb5d08cbbbd35cf456b68d5e46e93934,range_preserving_png/v1,-0.405328631401062,0.7872220277786255,becf873c,3f498762,c2f2432042a7b2e96762e38e2f0d3fc92b5b72775406afc272933f86c8ac86a5,54790,7.764860199997202,7.697681374032982,7.766493151080795,5.489710121541518,57.38027375089821,0.9998580534125371,1.827984988267417e-06,0.0013520299509505761,0.001170598086901009,0.002338409423828125,0.9999746864591338,0.80859375,3.0517578125e-05,0.9997857206910489,0.0004115142219234258,0.020285813316784362,0.1261841058731079,0.0,0.9967654347419739,0.9996716085532402,0.9997880057565434,0.9994500763061579,0.9997861017177785,0.00041151425102725625,0.020285814034128782,0.1261841058731079,0.0,0.9967655539512634,0.9999219650304949,0.9997809621609649,0.9994500763061582,39.522317393094355,0.9682583996266956,0.00011162674491060898,0.01056535588187208,0.007881276309490204,0.0997316911816597,0.9998505075483829,0.1761322021484375,1.52587890625e-05,46.489923369142716,0.9938654847208387,2.24392151721986e-05,0.004737004873567115,0.003449546406045556,0.0660935789346695,0.9999677017171711,0.3715057373046875,0.0,29.7980269941825,0.8270748705182018,0.2938803434371948,0.05908203125,28.99997347175225,0.9901730888471078,0.13746174827525198,0.9962474225698009,0.9757600947310486,0.9757600947310487,39.13541661903987,0.9681268914379286,0.10008743405342102,0.17645263671875,47.14577630541,0.9999329978143315,0.011629429800608984,0.9999734705609568,0.9998286978161905,0.9998286978161924
1,dev_v1.1_015|P,dev_v1.1_015,1,P,1911,500,1,0054c21b3b97e51538d4cd3f7dfdf5e952868ed7fc667f3d70a681c66b74b454,range_preserving_png/v1,-0.004567896481603384,0.9965646266937256,bb95ae4b,3f7f1edc,21f49ce4ed3f35e1e80169f29f3b3f208acc6876fad92038beed5c81ed5c3d84,31602,7.7694362190086395,7.702438619104214,7.771657148958184,42.70617161001801,58.92530783441813,0.9994186797001692,1.2807643088308396e-06,0.0011317085794632995,0.0009798533283174038,0.001963019371032715,0.999998377544056,0.92620849609375,1.52587890625e-05,0.17804794962592252,1.5357153415679932,1.2392398240728035,10.550874710083008,0.0,0.9949140548706055,0.9716804751688866,0.14315134410018515,0.3396001715357573,0.17804794962592252,1.5357153415679932,1.2392398240728035,10.550874710083008,0.0,0.9949140548706055,0.9716804751688866,0.14315134410018515,0.3396001715357573,34.50698929750247,0.965775206771265,0.0003542428312357515,0.01882133978322881,0.009802051819860935,0.5714467167854309,0.9994981117683193,0.150054931640625,0.0,36.08381638755711,0.983546675048986,0.000246387324295938,0.015696729732525116,0.005490023177117109,0.5592342615127563,0.9996337907525423,0.286102294921875,0.0,34.33982531495442,0.9635821975647484,0.661175549030304,0.1656951904296875,35.74747619988137,0.17745289428606972,1.2397679210182202,0.9676183722595849,0.34200135102218954,0.34200135102218954,34.348605685548456,0.9642988648724315,0.6289625763893127,0.1478118896484375,35.88692159050542,0.14896271111992102,1.2602251974070453,0.9703042158705428,0.4086478161883865,0.4086478161883865
1,dev_v1.1_015|S0,dev_v1.1_015,1,S0,1911,500,1,5f4fc4881b29b72c3b0872c7183a94bc403c66cf367dfc2462333862ecfb3483,range_preserving_png/v1,-0.5273568630218506,0.9781621694564819,bf0700dc,3f7a68d6,22450d825cc155ed2d6ed51373485a09652a5c9550baa90431ea40b0beb13315,51319,7.768914139014669,7.702699465909973,7.768488521920517,5.447111783069435,55.37780801251395,0.9997293762947214,2.898806314988178e-06,0.001702588122532334,0.001472962787374854,0.002952083945274353,0.9999585907607705,0.75567626953125,3.0517578125e-05,0.9996402291910099,0.0006839947891421616,0.026153294039989717,0.14357876777648926,0.0,0.9967448711395264,0.9996660427474087,0.9996393621842292,0.9990862068000812,0.9996402291910099,0.0006839947891421616,0.026153294039989717,0.14357876777648926,0.0,0.9967448711395264,0.9998427632775876,0.9996311361008096,0.9990862068000812,38.84180317139694,0.9710229654670278,0.0001305628684349358,0.011426411004113925,0.008597686886787415,0.18532398343086243,0.999832549178883,0.144744873046875,1.52587890625e-05,42.39573633636753,0.9907354298522714,5.7600514992373064e-05,0.007589500312429868,0.0050132968463003635,0.13369551301002502,0.9999186014425452,0.2712860107421875,0.0,30.33474574436045,0.9155701645119423,0.6499174237251282,0.081329345703125,29.642681821555996,0.9888334723153804,0.14565666317016693,0.9954151610959494,0.9725092622023307,0.9725092622023307,39.2857265512533,0.9718653648960356,0.12803903222084045,0.1521148681640625,44.178255187076346,0.9999135756700417,0.013077789833126218,0.9999417486816945,0.9997837005987781,0.9997837005987781
1,dev_v1.1_015|S1,dev_v1.1_015,1,S1,1911,500,1,381638a2a0f045a9f3ec3ea654a057f9d963e7ef2a2109ffa07c2aa9f6be9f2d,range_preserving_png/v1,-0.5167592763900757,1.0,bf044a56,3f800000,eff458a4b1dfd965cce435fa2fb4cbf1c9f7326ec2cc975deb4cdc57f2038a95,51135,7.768104169983417,7.70020583702717,7.768913814914413,5.790694854035458,55.31037572941125,0.9997503735641464,2.944166908491752e-06,0.0017158574849012818,0.001485572662204504,0.0029740482568740845,0.9999625850960924,0.759857177734375,3.0517578125e-05,0.999630496695996,0.0007020822376944125,0.026496834484413652,0.443448543548584,0.0,0.9967765808105469,0.9995310780311911,0.9996317966678957,0.9990576868876149,0.9996305603579737,0.0007020821794867516,0.026496833386024668,0.443448543548584,0.0,0.996776282787323,0.9998660451720797,0.9996196799981389,0.9990576868876148,38.187334978391036,0.9696868461130974,0.00015179815818555653,0.012320639520153024,0.008329642936587334,0.38856664299964905,0.9997904448989702,0.1616668701171875,0.0,42.178846069672325,0.9914416925702494,6.05501736572478e-05,0.007781399209476905,0.004173008259385824,0.35072219371795654,0.9999100568863103,0.33660888671875,0.0,31.2716116528061,0.928107347128744,0.4881097674369812,0.090057373046875,30.76595296995253,0.9893547129169886,0.14210319456320605,0.9957046276517635,0.974052557607703,0.9740525576077022,39.56070777387352,0.971782125095866,0.16856426000595093,0.1640167236328125,45.9236747135711,0.9999088030934602,0.013430252164260463,0.9999662162130012,0.9997679475465292,0.9997679475465292
1,dev_v1.1_016|P,dev_v1.1_016,1,P,1911,500,1,d2af91bf328a8861d8eb6d0ee665ac4d2b30ff14b89858786fac0b0cc4c77ddf,range_preserving_png/v1,-0.004677128046751022,0.9999358654022217,bb994298,3f7ffbcc,33e30dccd550bf22639b9eaa630cbfb8c6e2ece5378aeedf909d10954364d016,30319,7.769940304919146,7.702271136920899,7.769581048982218,41.924848479579076,58.90575421547852,0.999277295196664,1.2865438066000934e-06,0.0011342591443757875,0.0009818137623369694,0.0019698143005371094,0.9999992786321278,0.770782470703125,1.52587890625e-05,-0.02046714789351437,1.9104664325714111,1.382196235189277,8.88817024230957,0.0,0.9963544607162476,0.9467497773152748,-0.06337853153275372,0.3472152302174311,-0.02046714789351437,1.9104664325714111,1.382196235189277,8.88817024230957,0.0,0.9963544607162476,0.9467497773152748,-0.06337853153275372,0.3472152302174311,37.28826446914344,0.9707655110654019,0.00018671256839297712,0.01366428074920071,0.009393296204507351,0.3543367385864258,0.9997542354047971,0.1490936279296875,0.0,42.22473924206184,0.9881449083364854,5.9913691075053066e-05,0.007740393470299366,0.005014834925532341,0.3027447462081909,0.9999171569646457,0.276031494140625,0.0,37.17986020263839,0.9705117343386375,0.35687339305877686,0.1279754638671875,41.97675489878235,-0.021093919054284975,1.3825569563268607,0.9483007028034506,0.3503165146230268,0.3503165146230268,35.289034595539086,0.968891419065511,0.7147929072380066,0.14453125,37.80176668794401,-0.061715754655825544,1.4091297756775023,0.9470315007162636,0.4185866095259438,0.4185866095259438
1,dev_v1.1_016|S0,dev_v1.1_016,1,S0,1911,500,1,e095ca499e4d43c0e1e7739aeca3f484f625308b52236e1a506cc8c492a4949b,range_preserving_png/v1,-0.43239638209342957,0.8826463222503662,bedd630f,3f61f51c,2091c21d84d66860c90b04a326089177ceabbbe5acafcecb0ec0d8f09b9b9c9f,53803,7.769195461994968,7.700768843060359,7.771851914934814,5.022951925136568,56.52619548340162,0.9998182506764517,2.225258413091069e-06,0.0014917300067676688,0.001292563509196043,0.0025785118341445923,0.9999670427917277,0.8101654052734375,3.0517578125e-05,0.999757237878809,0.0004644319415092468,0.021550683086836175,0.11402535438537598,1.52587890625e-05,0.9967501163482666,0.9997072419544173,0.9997576430831859,0.9993728164617135,0.999757237878809,0.0004644319415092468,0.021550683086836175,0.11402535438537598,1.52587890625e-05,0.9967501163482666,0.9998839149677139,0.9997519951637064,0.9993728164617135,39.058391747601824,0.9693989074942284,0.0001242112193722278,0.01114500872015037,0.008551414124667645,0.11598244309425354,0.9998539518474099,0.1436004638671875,0.0,44.642992532962076,0.9925660589037715,3.4332129871472716e-05,0.005859362582352513,0.004148382693529129,0.07191941142082214,0.9999586899720451,0.3034515380859375,0.0,32.85500601558888,0.9184091076613924,0.557647705078125,0.0940399169921875,31.520670060963873,0.9897925270162791,0.13946931862506856,0.9959116854214527,0.9744656069558528,0.9744656069558528,39.28976125982927,0.9699892999326744,0.1112356185913086,0.151397705078125,45.78795538923686,0.9999320214102005,0.01175815011190073,0.9999566706490222,0.9998241745637485,0.9998241745637485
1,dev_v1.1_016|S1,dev_v1.1_016,1,S1,1911,500,1,1aefa76ffbb23ec083fde19eef5786b9a69a061cd1eedc9df70ea603bbab3ed7,range_preserving_png/v1,-0.3781493902206421,0.8649799823760986,bec19ccc,3f5d6f54,88741a9658cdc8c9446f06bce352ee28295559203aec0c54906ea2aacff2b784,54244,7.768027225974947,7.701376181910746,7.767983419005759,5.351457008975419,56.99847617984179,0.9998477477058646,1.99596252059564e-06,0.0014127853766923127,0.0012254290049895644,0.0024375133216381073,0.9999736346843034,0.81610107421875,3.0517578125e-05,0.9997732642236916,0.0004347939102444798,0.020851712405567074,0.1249094009399414,0.0,0.9966905117034912,0.9997785943566162,0.9997736391299813,0.9994120404872642,0.9997733278921843,0.0004347939102444798,0.020851712405567074,0.1249094009399414,0.0,0.9966906905174255,0.9999150951567933,0.9997675706214314,0.9994120404872674,39.08421496956589,0.9675297770225831,0.00012347484880592674,0.011111923722107111,0.008305735886096954,0.10803233087062836,0.9998427395951436,0.161651611328125,0.0,44.83457375358974,0.9914191510714166,3.285054845036939e-05,0.005731539797503756,0.0038530221208930016,0.06657150387763977,0.9999549550690381,0.355133056640625,0.0,32.11847713973855,0.9036398418696882,0.534406304359436,0.093597412109375,31.00962240248837,0.9906533755712211,0.13354817165067964,0.9966161806990954,0.9767745249385211,0.976774524938521,39.352770026580174,0.9684023224040785,0.10652844607830048,0.169586181640625,45.742265950720046,0.9999320176586042,0.01173443043202998,0.9999746612514141,0.9998232998947817,0.9998232998947819
1,dev_v1.1_017|P,dev_v1.1_017,1,P,1911,500,1,a79d394c6cd93133d60f315ec68b59bb5e039d44c2c24a0da0600feac0e8b77c,range_preserving_png/v1,-0.0032790908589959145,0.9952334761619568,bb56e604,3f7ec79f,1f6729e13cf92a7303a1e27282d950f303e925f115ac28c97bee96452a5a1abc,36080,7.76713444897905,7.7027973850490525,7.768404945032671,42.95173130627571,58.93118684396602,0.9996638868850445,1.2790317214239622e-06,0.0011309428462234342,0.0009797288803383708,0.0019578635692596436,0.9999980157738761,0.904388427734375,3.0517578125e-05,0.7002569808572404,0.5589559674263,0.7476335783164773,5.52579402923584,0.0,0.9929354190826416,0.9901415098050758,0.6874999582840251,0.6159669044424256,0.7002569808572404,0.5589559674263,0.7476335783164773,5.52579402923584,0.0,0.9929354190826416,0.9901415098050758,0.6874999582840251,0.6159669044424256,38.21733461281048,0.9803409614938144,0.00015075319970492274,0.012278159459174764,0.00932361464947462,0.09871482849121094,0.999800926323716,0.1551361083984375,0.0,44.74966742469292,0.9955487837882948,3.349910912220366e-05,0.005787841490763518,0.0042902519926428795,0.049998581409454346,0.9999556469128577,0.3112640380859375,0.0,38.63759280238195,0.9807027699242544,0.09525185823440552,0.16290283203125,45.38563967626179,0.7020881451917469,0.745393394382707,0.9900387409552781,0.6127043506138635,0.6127043506138635,38.151541923792564,0.9799387833320834,0.09884244203567505,0.1471405029296875,44.59534605359201,0.7496481745412823,0.6827831803231306,0.9919410975511931,0.6952821875925553,0.6952821875925553
1,dev_v1.1_017|S0,dev_v1.1_017,1,S0,1911,500,1,11c13f19a0139bbf926b6a06a487c24aae05a59f7c595d6c5eec88212452cbf5,range_preserving_png/v1,-0.41197139024734497,0.9764953851699829,bed2edea,3f79fb9a,402a986172b36178d9dfbcdeff8b57b519e7f85767d740220f349c78d6da58d6,52813,7.76987966906745,7.6997704700334,7.768124382011592,5.389636512444023,56.05335919354748,0.9997833329624994,2.481213186911191e-06,0.0015751867149361026,0.0013642359990626574,0.002722516655921936,0.9999657260942989,0.789306640625,1.52587890625e-05,0.9997086338756331,0.000555632053874433,0.023571848758093476,0.1345958709716797,0.0,0.9967608451843262,0.9996762273521264,0.9997090119390462,0.9992571853100093,0.9997086338756331,0.000555632053874433,0.023571848758093476,0.1345958709716797,0.0,0.9967608451843262,0.999872792354023,0.9997013332184667,0.9992571853100093,38.682975688238656,0.979435297328007,0.000135426118504256,0.011637272812143573,0.008723392151296139,0.11854302883148193,0.9998107896334313,0.1488800048828125,0.0,43.540908447302414,0.9949029135119722,4.424958024173975e-05,0.006652035796787308,0.00456550158560276,0.10970181226730347,0.9999338804754102,0.2918243408203125,0.0,32.52573579851841,0.9555862609749799,0.2692432105541229,0.087188720703125,31.80291001595469,0.9908314798219343,0.13180818618871032,0.9961404622340299,0.9772021031608318,0.9772021031608318,38.90423105773647,0.9799482549295963,0.11718785762786865,0.15509033203125,44.19321967722471,0.9999166336608567,0.012884054600159327,0.9999532834162205,0.9997901081880431,0.9997901081880431
1,dev_v1.1_017|S1,dev_v1.1_017,1,S1,1911,500,1,1b3f0af42c7db7df424450570447f04166dbf3e9241ebe6891ca356b3bb820a8,range_preserving_png/v1,-0.4056093692779541,0.8056747317314148,becfac08,3f4e40b3,903e1be3d013e61ef753fcf2be7765ba7f84f888cc812de0505345c26866f297,54022,7.769142839941196,7.7102300230180845,7.770876995055005,5.356066465934597,57.2714390828954,0.9998476299561563,1.8743733107839944e-06,0.0013690775400918658,0.0011859182268381119,0.0023750215768814087,0.9999750522001946,0.8184356689453125,1.52587890625e-05,0.9997595878897001,0.0004607295268215239,0.02146461103354831,0.12319540977478027,0.0,0.9967806339263916,0.9997273057098893,0.9997594245435081,0.9993816539018707,0.9997593331637181,0.00046072955592535436,0.02146461171149747,0.12319540977478027,0.0,0.9967805743217468,0.9999105362663018,0.9997523169433757,0.999381653901871,38.80866016654088,0.9795012638354393,0.00013156306522432715,0.011470094386025215,0.008773522451519966,0.09219551086425781,0.9998190820384648,0.150146484375,0.0,45.02401061862425,0.9951983815936971,3.1448427762370557e-05,0.005607889778015484,0.0041456264443695545,0.05059877038002014,0.9999541851172477,0.319061279296875,1.52587890625e-05,30.827266759284736,0.9204714240517208,0.2603100836277008,0.0679779052734375,29.686663540708878,0.9895151166276006,0.14169031190122253,0.9960372341472034,0.9742219893379425,0.9742219893379421,39.10255515512637,0.9796995311088351,0.09789454936981201,0.1554107666015625,45.78562822814105,0.9999243411229497,0.012308208069786263,0.9999706802550875,0.9998060397892794,0.9998060397892777
1,dev_v1.1_018|P,dev_v1.1_018,1,P,1911,500,1,fa00b1812062e86eac485807e422950e530b821559f34ee30060378479fac525,range_preserving_png/v1,-0.0012881364673376083,0.9954809546470642,baa8d6b0,3f7ed7d7,c7f9a43704c1e261510a1b59d64d9150e3bffa278f57d40057fcd72febef98b6,32663,7.77062066597864,7.703102916944772,7.770066133001819,41.7911211751329,58.949509032257,0.9994304841180868,1.2736470580421155e-06,0.0011285597272816868,0.000977255403995514,0.001954495906829834,1.0000010812046891,0.7473907470703125,3.0517578125e-05,0.17328401393110088,1.5466110706329346,1.24362818825923,7.592747211456299,0.0,0.9937894940376282,0.9620375978542615,0.13871797989516024,0.38738507870274164,0.17328401393110088,1.5466110706329346,1.24362818825923,7.592747211456299,0.0,0.9937894940376282,0.9620375978542615,0.13871797989516024,0.38738507870274164,37.32113395438247,0.9717023010327671,0.00018530477245803922,0.013612669556631396,0.009066062979400158,0.18877898156642914,0.9997515753079907,0.170196533203125,0.0,42.77820536611784,0.9912428049980024,5.274477734928951e-05,0.00726255997216474,0.004541698843240738,0.1576387584209442,0.9999269287795253,0.3177947998046875,0.0,37.46795790529107,0.9714181498557365,0.23715534806251526,0.1902923583984375,42.84195081975685,0.17906150941970522,1.239381656215259,0.9615853991592866,0.3898342629288269,0.3898342629288269,37.11885339744671,0.9704566704851748,0.2863413691520691,0.1720123291015625,42.21791938620278,0.149891967172415,1.2602863034174918,0.9620418870520149,0.45884723566268043,0.45884723566268043
1,dev_v1.1_018|S0,dev_v1.1_018,1,S0,1911,500,1,d4cba3c6eae43e2fe00cbed49b8b711ff859c1667b9207b12598b75cb95af9e3,range_preserving_png/v1,-0.36253923177719116,1.0,beb99ebe,3f800000,bff0383e581db44985135974b41e4d080d057e5eb4f3988cbf1730551987c5f3,53243,7.7672932939603925,7.698290874948725,7.76698632503394,5.472151878057598,56.21606030839143,0.9997930972661956,2.3899783627712168e-06,0.0015459554853782876,0.0013395309215411544,0.0026716217398643494,0.9999638019419925,0.7737579345703125,3.0517578125e-05,0.9997301218682733,0.0005161466542631388,0.022718861200842325,0.1201547384262085,0.0,0.9967971444129944,0.9995855051209773,0.9997328198489649,0.999287944744414,0.9997301218682733,0.0005161466542631388,0.022718861200842325,0.1201547384262085,0.0,0.9967971444129944,0.9998697513174322,0.9997244088905334,0.999287944744414,39.27159283341912,0.972689139745485,0.00011826077388832346,0.010874776958095437,0.00807132013142109,0.13667157292366028,0.9998442795400858,0.1686553955078125,0.0,44.77541831865167,0.9941057482207583,3.330106846988201e-05,0.005770707796265724,0.003711931873112917,0.12348076701164246,0.9999527627257262,0.36578369140625,1.52587890625e-05,32.67856125474144,0.969321907518577,0.7193723917007446,0.122528076171875,32.317590211971236,0.9931523052489877,0.1139181582449258,0.9967534489352053,0.9824495703233465,0.9824495703233465,38.875811308525904,0.9709561745001763,0.17791926860809326,0.170623779296875,45.03056881167183,0.9999260498256453,0.012193140232482256,0.9999482045611756,0.999806367272918,0.999806367272918
1,dev_v1.1_018|S1,dev_v1.1_018,1,S1,1911,500,1,9059c629e9e7af3b1860cf5afbb2f2ef9158b98fc6632f3eb2119782cd7c0943,range_preserving_png/v1,-0.41875946521759033,0.8222548961639404,bed667a4,3f527f4c,3cec90c96fcbb7c24c8b01ffcae2a52d5add20c6513e658557f48ab4f09fce14,54297,7.7695053240749985,7.7012292969739065,7.76840769208502,5.594205372270561,57.03931746833553,0.999851153648071,1.9772803625528468e-06,0.0014061580147881128,0.001217547687701881,0.002433367073535919,0.9999757100809454,0.8065032958984375,3.0517578125e-05,0.9997643589664907,0.00045158929424360394,0.021250630443438705,0.11485528945922852,0.0,0.9967716932296753,0.9996338296391034,0.9997666297309072,0.9993766240605461,0.9997645495482159,0.00045158929424360394,0.021250630443438705,0.11485528945922852,0.0,0.9967719912528992,0.9999122282066627,0.9997588455281352,0.9993766240605441,39.30641682872777,0.970818824915075,0.00011731628910638392,0.010831264427867316,0.007949283346533775,0.11064165830612183,0.9998414260722326,0.1747283935546875,0.0,46.23542763224655,0.994064940303775,2.3793440050212666e-05,0.004877851991421292,0.0033940402790904045,0.06531469523906708,0.9999657936341683,0.386383056640625,0.0,31.262365864455653,0.8870891873846865,0.3760225772857666,0.0780181884765625,30.179926050654746,0.9895712010775165,0.14134638583466422,0.9957479415916198,0.9736494982592626,0.973649498259263,39.257217599522654,0.9707045255883829,0.10968568921089172,0.176116943359375,46.56883623893904,0.9999280176976083,0.012063107817103326,0.9999730824049486,0.9998090396841953,0.9998090396841969
1,dev_v1.1_019|P,dev_v1.1_019,1,P,1911,500,1,a54adc181966d924fe01749ca59ddb1b3e29a837d50b9caf72f16ff02a125dd2,range_preserving_png/v1,-0.0010403171181678772,0.9989618062973022,ba885b40,3f7fbbf6,775fd49005425ee5ff7851c50c805b277bb406f384842bb552c481a1f16d2afe,31141,7.768668603035621,7.701778241083957,7.76871969201602,41.83858354801431,58.95827888414904,0.9994229867834544,1.271077735509607e-06,0.001127420833366852,0.000975930830463767,0.0019608139991760254,0.9999976605345678,0.7350006103515625,3.0517578125e-05,0.1398801815373974,1.6057052612304688,1.26716425976685,8.521376609802246,0.0,0.9959095120429993,0.9689339323392647,0.10263842280983547,0.3724832398773205,0.1398801815373974,1.6057052612304688,1.26716425976685,8.521376609802246,0.0,0.9959095120429993,0.9689339323392647,0.10263842280983547,0.3724832398773205,37.443356258774415,0.9730208359209281,0.0001801624894142151,0.013422462121913963,0.009591341949999332,0.2632226049900055,0.9997570317101054,0.153961181640625,1.52587890625e-05,43.38980008516969,0.9918572406007313,4.581629764288664e-05,0.006768773717807874,0.004884525667876005,0.0864744484424591,0.9999367898965693,0.282012939453125,0.0,37.26105936144225,0.9732057371041839,0.27310994267463684,0.1489105224609375,43.03589920786302,0.13930028540423686,1.2674873683984715,0.9712493021178398,0.37493020718720166,0.37493020718720166,37.40926231100627,0.9723296040043508,0.2658941447734833,0.155853271484375,43.34759876765898,0.10643226809027043,1.2906815966742264,0.9714017580275094,0.4506578604072999,0.4506578604072999
1,dev_v1.1_019|S0,dev_v1.1_019,1,S0,1911,500,1,34ed7468f0d3c9d1e0b82891f7fa5535a34bac5cbad5088366fc1cf0fcf569b8,range_preserving_png/v1,-0.41919630765914917,0.7666221261024475,bed6a0e6,3f444159,2e9fa53a00940e7793703a4bef3e24cd47fa330042a6fe0ba78d9745f6433b15,54391,7.768347576027736,7.701161967939697,7.771929658949375,5.497059067678185,57.449418685727125,0.9998423322164505,1.7991117147175828e-06,0.00134130970126872,0.0011603613384068012,0.0023250505328178406,0.9999741852966392,0.8191680908203125,3.0517578125e-05,0.9997583791303882,0.00046129460679367185,0.021477770061011266,0.12976479530334473,0.0,0.9967547655105591,0.9996995006340385,0.9997600335719644,0.9993823236320851,0.9997583791303882,0.00046129460679367185,0.021477770061011266,0.12976479530334473,0.0,0.9967547655105591,0.9998957810041628,0.9997524225744241,0.9993823236320851,39.06671344103529,0.9721202197349731,0.00012397344107739627,0.011134336130968755,0.008456121198832989,0.10053011029958725,0.9998310834778089,0.161895751953125,0.0,43.45102239087376,0.9924803736868426,4.517495835898444e-05,0.006721231907841333,0.004304483532905579,0.22089813649654388,0.9999332919142228,0.315582275390625,0.0,26.337827163092946,0.7793429718003502,0.6396226286888123,0.0440521240234375,25.652253062669566,0.9886359705001527,0.14770906931631456,0.9953800247174027,0.971655503057335,0.971655503057335,39.077046564004156,0.9719694706117911,0.10596832633018494,0.1629486083984375,43.781300191673125,0.999917694412497,0.01279035795940266,0.9999494344521251,0.9997917671607458,0.9997917671607458
1,dev_v1.1_019|S1,dev_v1.1_019,1,S1,1911,500,1,a1b6ad0dcb5a9e9dabe7aaa82b73da78e34ad83c0641055c21278e4a0f47454d,range_preserving_png/v1,-0.35881513357162476,0.8786109685897827,beb7b69e,3f60eca6,335744654d780992ca4f7523b4b08d26b8ab0be8775be1be1a6abf9fb44eb416,53470,7.771879761014134,7.70122156792786,7.771213010069914,5.653215466614087,57.03935392533511,0.9998250510907223,1.9772637642745394e-06,0.0014061521127796024,0.0012183389626443386,0.0024262964725494385,0.9999696175031335,0.7974090576171875,1.52587890625e-05,0.9997224001572066,0.0005280367331579328,0.022979049875004248,0.11978411674499512,0.0,0.9967749714851379,0.9995934221783984,0.9997250969323385,0.9992866753995236,0.9997229104976024,0.0005280367913655937,0.022979051141541803,0.11978411674499512,0.0,0.996775209903717,0.9998969379851856,0.9997149822973226,0.9992866753995235,39.21268679177846,0.9717248473306827,0.00011987574544036761,0.010948778262453196,0.008345783688127995,0.11559271812438965,0.9998385063109183,0.163299560546875,0.0,44.130083256648824,0.9926421439461516,3.8635957025690004e-05,0.006215782897245527,0.004033593460917473,0.22423610091209412,0.9999435578396898,0.322906494140625,0.0,29.94160868120666,0.9036120808577299,0.3910372257232666,0.0798492431640625,29.06356806483902,0.991406089176073,0.12782984033022846,0.9967807101187623,0.9787577097865798,0.9787577097865802,39.46652676832801,0.9723710156433089,0.08516551554203033,0.168487548828125,45.063313970526494,0.9999122726481876,0.013209576191921368,0.999968097051217,0.9997738085867606,0.9997738085867615
