sample_id,patient_id,label,label_name,view,ap_pa,source_path,local_path,file_sha256,split_sha256
security_v1_0000,patient00241,0,no_finding,Frontal,AP,CheXpert-v1.0/train/patient00241/study1/view1_frontal.jpg,dataset/chexpertchestxrays-u20210408/CheXpert-v1.0 batch 2 (train 1)/patient00241/study1/view1_frontal.jpg,62e290224dc5282d15f83ba3a384765effac5c7d3a127b9a5ab423b0727ff1ed,5843da54d027cbe5b7d518349a374f859b5d2c0e07b9b66ea5f89c9530a94490
security_v1_0001,patient00327,0,no_finding,Frontal,AP,CheXpert-v1.0/train/patient00327/study2/view1_frontal.jpg,dataset/chexpertchestxrays-u20210408/CheXpert-v1.0 batch 2 (train 1)/patient00327/study2/view1_frontal.jpg,35a0c11ddc3f66e95cfee177fa6ba613d2a69b05bef03babecf0f98d6ea142ec,5843da54d027cbe5b7d518349a374f859b5d2c0e07b9b66ea5f89c9530a94490
security_v1_0002,patient01452,0,no_finding,Frontal,PA,CheXpert-v1.0/train/patient01452/study1/view1_frontal.jpg,dataset/chexpertchestxrays-u20210408/CheXpert-v1.0 batch 2 (train 1)/patient01452/study1/view1_frontal.jpg,592298c81d23d489dec0e7697461f727687d90543723e15f0c51c4d3e853e1d8,5843da54d027cbe5b7d518349a374f859b5d2c0e07b9b66ea5f89c9530a94490
security_v1_0003,patient01598,0,no_finding,Frontal,PA,CheXpert-v1.0/train/patient01598/study1/view1_frontal.jpg,dataset/chexpertchestxrays-u20210408/CheXpert-v1.0 batch 2 (train 1)/patient01598/study1/view1_frontal.jpg,f548cd9dafc2f0413d865593b1185a10cfcca08f627f49d0ca5004b01cc7c657,5843da54d027cbe5b7d518349a374f859b5d2c0e07b9b66ea5f89c9530a94490
security_v1_0004,patient02025,0,no_finding,Frontal,PA,CheXpert-v1.0/train/patient02025/study1/view1_frontal.jpg,dataset/chexpertchestxrays-u20210408/CheXpert-v1.0 batch 2 (train 1)/patient02025/study1/view1_frontal.jpg,2ec9195790a077457ed4ff17af5a39ec5ee97187428d87bff3a877b1af3e3a0b,5843da54d027cbe5b7d518349a374f859b5d2c0e07b9b66ea5f89c9530a94490
security_v1_0005,patient02555,0,no_finding,Frontal,PA,CheXpert-v1.0/train/patient02555/study1/view1_frontal.jpg,dataset/chexpertchestxrays-u20210408/CheXpert-v1.0 batch 2 (train 1)/patient02555/study1/view1_frontal.jpg,1c8e4c23b57d03f1e1e921ac96cfba5058259ac4bcf441304bbd002e61392448,5843da54d027cbe5b7d518349a374f859b5d2c0e07b9b66ea5f89c9530a94490
security_v1_0006,patient02724,0,no_finding,Frontal,AP,CheXpert-v1.0/train/patient02724/study1/view1_frontal.jpg,dataset/chexpertchestxrays-u20210408/CheXpert-v1.0 batch 2 (train 1)/patient02724/study1/view1_frontal.jpg,1c9d5a202602e8ff2632477731caa8c5bab93f52ac04c93e0e74dc98d5c76fec,5843da54d027cbe5b7d518349a374f859b5d2c0e07b9b66ea5f89c9530a94490
security_v1_0007,patient03846,0,no_finding,Frontal,PA,CheXpert-v1.0/train/patient03846/study1/view1_frontal.jpg,dataset/chexpertchestxrays-u20210408/CheXpert-v1.0 batch 2 (train 1)/patient03846/study1/view1_frontal.jpg,ae9fd9e126b2905bde409a184ce3dfb2165a35304c44cebb1ea5ebb6d58e7725,5843da54d027cbe5b7d518349a374f859b5d2c0e07b9b66ea5f89c9530a94490
security_v1_0008,patient04005,0,no_finding,Frontal,AP,CheXpert-v1.0/train/patient04005/study1/view1_frontal.jpg,dataset/chexpertchestxrays-u20210408/CheXpert-v1.0 batch 2 (train 1)/patient04005/study1/view1_frontal.jpg,aa1a36a9a9a5dcc2dc54f8a2df0b3556364f34ea49c9cb064046f88998a032c5,5843da54d027cbe5b7d518349a374f859b5d2c0e07b9b66ea5f89c9530a94490
security_v1_0009,patient05238,0,no_finding,Frontal,PA,CheXpert-v1.0/train/patient05238/study3/view1_frontal.jpg,dataset/chexpertchestxrays-u20210408/CheXpert-v1.0 batch 2 (train 1)/patient05238/study3/view1_frontal.jpg,da8600998624b667bd977f542a519c838c995e10650bdeded81401fddafa8e46,5843da54d027cbe5b7d518349a374f859b5d2c0e07b9b66ea5f89c9530a94490
security_v1_0010,patient05261,0,no_finding,Frontal,PA,CheXpert-v1.0/train/patient05261/study1/view1_frontal.jpg,dataset/chexpertchestxrays-u20210408/CheXpert-v1.0 batch 2 (train 1)/patient05261/study1/view1_frontal.jpg,35191cc948372e7a44e1036c36e27c7d71449653ad3af4d340a1934886c01b64,5843da54d027cbe5b7d518349a374f859b5d2c0e07b9b66ea5f89c9530a94490
security_v1_0011,patient06117,0,no_finding,Frontal,PA,CheXpert-v1.0/train/patient06117/study1/view1_frontal.jpg,dataset/chexpertchestxrays-u20210408/CheXpert-v1.0 batch 2 (train 1)/patient06117/study1/view1_frontal.jpg,7ff8471e0855854fe451855cc9f4d8ce54b665607fc242591eef167f7005eb8a,5843da54d027cbe5b7d518349a374f859b5d2c0e07b9b66ea5f89c9530a94490
security_v1_0012,patient06456,0,no_finding,Frontal,AP,CheXpert-v1.0/train/patient06456/study1/view1_frontal.jpg,dataset/chexpertchestxrays-u20210408/CheXpert-v1.0 batch 2 (train 1)/patient06456/study1/view1_frontal.jpg,e97983a868c932cf0b68ef7643adbc66d033107726794b19511e0c43e67d681e,5843da54d027cbe5b7d518349a374f859b5d2c0e07b9b66ea5f89c9530a94490
security_v1_0013,patient06646,0,no_finding,Frontal,PA,CheXpert-v1.0/train/patient06646/study1/view1_frontal.jpg,dataset/chexpertchestxrays-u20210408/CheXpert-v1.0 batch 2 (train 1)/patient06646/study1/view1_frontal.jpg,9358b80ecadd6a7afacd98d5671f029088f4b183253df2341ba7c1e63d8a4713,5843da54d027cbe5b7d518349a374f859b5d2c0e07b9b66ea5f89c9530a94490
security_v1_0014,patient07485,0,no_finding,Frontal,PA,CheXpert-v1.0/train/patient07485/study1/view1_frontal.jpg,dataset/chexpertchestxrays-u20210408/CheXpert-v1.0 batch 2 (train 1)/patient07485/study1/view1_frontal.jpg,7b88d387c9ee0ae6d6815fdf515fbbbb5bb147562dd74b603675077a6f9b926f,5843da54d027cbe5b7d518349a374f859b5d2c0e07b9b66ea5f89c9530a94490
security_v1_0015,patient07487,0,no_finding,Frontal,PA,CheXpert-v1.0/train/patient07487/study1/view1_frontal.jpg,dataset/chexpertchestxrays-u20210408/CheXpert-v1.0 batch 2 (train 1)/patient07487/study1/view1_frontal.jpg,1d41afa9f8888c5301b97d50d0258d4af6d345505ab0403eef2e30fe73649abd,5843da54d027cbe5b7d518349a374f859b5d2c0e07b9b66ea5f89c9530a94490
security_v1_0016,patient07790,0,no_finding,Frontal,PA,CheXpert-v1.0/train/patient07790/study1/view1_frontal.jpg,dataset/chexpertchestxrays-u20210408/CheXpert-v1.0 batch 2 (train 1)/patient07790/study1/view1_frontal.jpg,f4fda1cba8f3573f3d355f8be99780f1b3ec0d8644109c1561b6485ce4973698,5843da54d027cbe5b7d518349a374f859b5d2c0e07b9b66ea5f89c9530a94490
security_v1_0017,patient08144,0,no_finding,Frontal,PA,CheXpert-v1.0/train/patient08144/study1/view1_frontal.jpg,dataset/chexpertchestxrays-u20210408/CheXpert-v1.0 batch 2 (train 1)/patient08144/study1/view1_frontal.jpg,8a272e61eb72449923442fabc247f93a6bc6070150682576b60f9835011f4ba3,5843da54d027cbe5b7d518349a374f859b5d2c0e07b9b66ea5f89c9530a94490
security_v1_0018,patient08627,0,no_finding,Frontal,PA,CheXpert-v1.0/train/patient08627/study1/view1_frontal.jpg,dataset/chexpertchestxrays-u20210408/CheXpert-v1.0 batch 2 (train 1)/patient08627/study1/view1_frontal.jpg,d29bbdabcd0ced2d7711577a3ea6f28e80fc6c014f2bbcfb9b4d91b81007fed2,5843da54d027cbe5b7d518349a374f859b5d2c0e07b9b66ea5f89c9530a94490
security_v1_0019,patient09088,0,no_finding,Frontal,AP,CheXpert-v1.0/train/patient09088/study2/view1_frontal.jpg,dataset/chexpertchestxrays-u20210408/CheXpert-v1.0 batch 2 (train 1)/patient09088/study2/view1_frontal.jpg,b90d9aa4ae2f5065e909932e4a11def328b3d54953444902f46de14c07c35d23,5843da54d027cbe5b7d518349a374f859b5d2c0e07b9b66ea5f89c9530a94490
security_v1_0020,patient09121,0,no_finding,Frontal,AP,CheXpert-v1.0/train/patient09121/study1/view1_frontal.jpg,dataset/chexpertchestxrays-u20210408/CheXpert-v1.0 batch 2 (train 1)/patient09121/study1/view1_frontal.jpg,ec91e760dbc49c2c0fddde5c70c049d7e2bdb269511cf84ab78edb019a9536a6,5843da54d027cbe5b7d518349a374f859b5d2c0e07b9b66ea5f89c9530a94490
security_v1_0021,patient11086,0,no_finding,Frontal,AP,CheXpert-v1.0/train/patient11086/study1/view1_frontal.jpg,dataset/chexpertchestxrays-u20210408/CheXpert-v1.0 batch 2 (train 1)/patient11086/study1/view1_frontal.jpg,56faa10b0c9423e173296301a314443c693d575f8f519f75610771f5d679bb72,5843da54d027cbe5b7d518349a374f859b5d2c0e07b9b66ea5f89c9530a94490
security_v1_0022,patient11613,0,no_finding,Frontal,AP,CheXpert-v1.0/train/patient11613/study2/view1_frontal.jpg,dataset/chexpertchestxrays-u20210408/CheXpert-v1.0 batch 2 (train 1)/patient11613/study2/view1_frontal.jpg,3c9f0c45bd4950ae7c83d9b810dea0d067bba7eabf88ea287ac61fd1dbfc66ec,5843da54d027cbe5b7d518349a374f859b5d2c0e07b9b66ea5f89c9530a94490
security_v1_0023,patient11767,0,no_finding,Frontal,PA,CheXpert-v1.0/train/patient11767/study1/view1_frontal.jpg,dataset/chexpertchestxrays-u20210408/CheXpert-v1.0 batch 2 (train 1)/patient11767/study1/view1_frontal.jpg,1bb635e95da0fff1affdb023baf5a6892a916fa810676ef249e6a34ae8649960,5843da54d027cbe5b7d518349a374f859b5d2c0e07b9b66ea5f89c9530a94490
security_v1_0024,patient11849,0,no_finding,Frontal,AP,CheXpert-v1.0/train/patient11849/study1/view1_frontal.jpg,dataset/chexpertchestxrays-u20210408/CheXpert-v1.0 batch 2 (train 1)/patient11849/study1/view1_frontal.jpg,212a39c3af11fd9470a47907ce35f55ccd61b5f7bc5988e50d50d07622e2b87b,5843da54d027cbe5b7d518349a374f859b5d2c0e07b9b66ea5f89c9530a94490
security_v1_0025,patient12986,0,no_finding,Frontal,PA,CheXpert-v1.0/train/patient12986/study1/view1_frontal.jpg,dataset/chexpertchestxrays-u20210408/CheXpert-v1.0 batch 2 (train 1)/patient12986/study1/view1_frontal.jpg,90496d089cdfdfc86bfb81dee458a12502540a9ba67941f0edf4a4366853697b,5843da54d027cbe5b7d518349a374f859b5d2c0e07b9b66ea5f89c9530a94490
security_v1_0026,patient13537,0,no_finding,Frontal,AP,CheXpert-v1.0/train/patient13537/study3/view1_frontal.jpg,dataset/chexpertchestxrays-u20210408/CheXpert-v1.0 batch 2 (train 1)/patient13537/study3/view1_frontal.jpg,75995b1cffa7ab8e8d0050ea24124ae8f4ad6b10fda01ed4af4a538f629a909b,5843da54d027cbe5b7d518349a374f859b5d2c0e07b9b66ea5f89c9530a94490
security_v1_0027,patient13761,0,no_finding,Frontal,PA,CheXpert-v1.0/train/patient13761/study1/view1_frontal.jpg,dataset/chexpertchestxrays-u20210408/CheXpert-v1.0 batch 2 (train 1)/patient13761/study1/view1_frontal.jpg,e4c0bd89535d153d8e970517c5eb916b7daa6f7c5b7c51f08192b413e03f81da,5843da54d027cbe5b7d518349a374f859b5d2c0e07b9b66ea5f89c9530a94490
security_v1_0028,patient14724,0,no_finding,Frontal,AP,CheXpert-v1.0/train/patient14724/study4/view1_frontal.jpg,dataset/chexpertchestxrays-u20210408/CheXpert-v1.0 batch 2 (train 1)/patient14724/study4/view1_frontal.jpg,317dc53218715f092af4f8cdfdf0a1a5615afa27378a46fcd4b2cf5f8b9b01ca,5843da54d027cbe5b7d518349a374f859b5d2c0e07b9b66ea5f89c9530a94490
security_v1_0029,patient15008,0,no_finding,Frontal,AP,CheXpert-v1.0/train/patient15008/study2/view1_frontal.jpg,dataset/chexpertchestxrays-u20210408/CheXpert-v1.0 batch 2 (train 1)/patient15008/study2/view1_frontal.jpg,f360f13ac2db806d730381e012340f451a89afaddc0ee89a9c49f2566bcdd43f,5843da54d027cbe5b7d518349a374f859b5d2c0e07b9b66ea5f89c9530a94490
security_v1_0030,patient16278,0,no_finding,Frontal,PA,CheXpert-v1.0/train/patient16278/study2/view1_frontal.jpg,dataset/chexpertchestxrays-u20210408/CheXpert-v1.0 batch 2 (train 1)/patient16278/study2/view1_frontal.jpg,1f604b298a219db62c2b368acd4409d6c6700d66f95ddb797e7e04c8bd475e47,5843da54d027cbe5b7d518349a374f859b5d2c0e07b9b66ea5f89c9530a94490
security_v1_0031,patient16379,0,no_finding,Frontal,AP,CheXpert-v1.0/train/patient16379/study1/view1_frontal.jpg,dataset/chexpertchestxrays-u20210408/CheXpert-v1.0 batch 2 (train 1)/patient16379/study1/view1_frontal.jpg,08525ea968e154135a5f35ad843980c08315608c6608f636992c328f30f30ce9,5843da54d027cbe5b7d518349a374f859b5d2c0e07b9b66ea5f89c9530a94490
security_v1_0032,patient19329,0,no_finding,Frontal,AP,CheXpert-v1.0/train/patient19329/study1/view1_frontal.jpg,dataset/chexpertchestxrays-u20210408/CheXpert-v1.0 batch 2 (train 1)/patient19329/study1/view1_frontal.jpg,dcbe6d02b316812e24f4068532e244fd1e01127e26bc610b3b718b49263364ea,5843da54d027cbe5b7d518349a374f859b5d2c0e07b9b66ea5f89c9530a94490
security_v1_0033,patient20650,0,no_finding,Frontal,PA,CheXpert-v1.0/train/patient20650/study3/view1_frontal.jpg,dataset/chexpertchestxrays-u20210408/CheXpert-v1.0 batch 2 (train 1)/patient20650/study3/view1_frontal.jpg,cd777e58bcc2940da51b982dd6abd3a05717f14251f12890b0e7608aae5db28d,5843da54d027cbe5b7d518349a374f859b5d2c0e07b9b66ea5f89c9530a94490
security_v1_0034,patient20931,0,no_finding,Frontal,PA,CheXpert-v1.0/train/patient20931/study1/view1_frontal.jpg,dataset/chexpertchestxrays-u20210408/CheXpert-v1.0 batch 2 (train 1)/patient20931/study1/view1_frontal.jpg,bfcaa566e3b23cd7a9afdf16dd3a71166967f251b71f763776a0c38d601b6ed7,5843da54d027cbe5b7d518349a374f859b5d2c0e07b9b66ea5f89c9530a94490
security_v1_0035,patient22095,0,no_finding,Frontal,AP,CheXpert-v1.0/train/patient22095/study4/view1_frontal.jpg,dataset/chexpertchestxrays-u20210408/CheXpert-v1.0 batch 3 (train 2)/patient22095/study4/view1_frontal.jpg,e3eba5d587d7fb76a0930149bba2505960c4c5e12f33712fb351f4b764a20246,5843da54d027cbe5b7d518349a374f859b5d2c0e07b9b66ea5f89c9530a94490
security_v1_0036,patient22539,0,no_finding,Frontal,PA,CheXpert-v1.0/train/patient22539/study1/view1_frontal.jpg,dataset/chexpertchestxrays-u20210408/CheXpert-v1.0 batch 3 (train 2)/patient22539/study1/view1_frontal.jpg,1798343b740778279bdaef38da3962e98b2767a734b0a248e23fdbd952a1efd4,5843da54d027cbe5b7d518349a374f859b5d2c0e07b9b66ea5f89c9530a94490
security_v1_0037,patient22872,0,no_finding,Frontal,PA,CheXpert-v1.0/train/patient22872/study1/view1_frontal.jpg,dataset/chexpertchestxrays-u20210408/CheXpert-v1.0 batch 3 (train 2)/patient22872/study1/view1_frontal.jpg,60f93a9498d8eaa27c3bc197e7809c1fc1945b0a4dbf839d889a43b134db4a75,5843da54d027cbe5b7d518349a374f859b5d2c0e07b9b66ea5f89c9530a94490
security_v1_0038,patient23049,0,no_finding,Frontal,AP,CheXpert-v1.0/train/patient23049/study1/view1_frontal.jpg,dataset/chexpertchestxrays-u20210408/CheXpert-v1.0 batch 3 (train 2)/patient23049/study1/view1_frontal.jpg,06ed988e8ec440b2ff3e03f123d287260a595344413d6ef19d5010df9c9f8d5e,5843da54d027cbe5b7d518349a374f859b5d2c0e07b9b66ea5f89c9530a94490
security_v1_0039,patient23276,0,no_finding,Frontal,AP,CheXpert-v1.0/train/patient23276/study1/view1_frontal.jpg,dataset/chexpertchestxrays-u20210408/CheXpert-v1.0 batch 3 (train 2)/patient23276/study1/view1_frontal.jpg,ddb8cf998ef8c0152b82efb4908b7a13c3d97e3e0039b51b998f8cddee9e9ad4,5843da54d027cbe5b7d518349a374f859b5d2c0e07b9b66ea5f89c9530a94490
security_v1_0040,patient24119,0,no_finding,Frontal,PA,CheXpert-v1.0/train/patient24119/study1/view1_frontal.jpg,dataset/chexpertchestxrays-u20210408/CheXpert-v1.0 batch 3 (train 2)/patient24119/study1/view1_frontal.jpg,4820cbf4b83da0e3cb39f6a37931b9e1f688647fb22ade036443803cbd6cbf82,5843da54d027cbe5b7d518349a374f859b5d2c0e07b9b66ea5f89c9530a94490
security_v1_0041,patient24302,0,no_finding,Frontal,AP,CheXpert-v1.0/train/patient24302/study1/view1_frontal.jpg,dataset/chexpertchestxrays-u20210408/CheXpert-v1.0 batch 3 (train 2)/patient24302/study1/view1_frontal.jpg,765c0fac217b3f263680d1f6a0703fcd55c940d6170f488b4047d57431a55887,5843da54d027cbe5b7d518349a374f859b5d2c0e07b9b66ea5f89c9530a94490
security_v1_0042,patient24706,0,no_finding,Frontal,AP,CheXpert-v1.0/train/patient24706/study1/view1_frontal.jpg,dataset/chexpertchestxrays-u20210408/CheXpert-v1.0 batch 3 (train 2)/patient24706/study1/view1_frontal.jpg,d53f61467006dfb5be78ce049eac540281417b37120b65e846975565fa94820b,5843da54d027cbe5b7d518349a374f859b5d2c0e07b9b66ea5f89c9530a94490
security_v1_0043,patient25167,0,no_finding,Frontal,AP,CheXpert-v1.0/train/patient25167/study2/view1_frontal.jpg,dataset/chexpertchestxrays-u20210408/CheXpert-v1.0 batch 3 (train 2)/patient25167/study2/view1_frontal.jpg,8df1e904953fcf17b096d0e2d3595f9fc092e54d1b9f28bc4729596df7fb604b,5843da54d027cbe5b7d518349a374f859b5d2c0e07b9b66ea5f89c9530a94490
security_v1_0044,patient26050,0,no_finding,Frontal,PA,CheXpert-v1.0/train/patient26050/study2/view1_frontal.jpg,dataset/chexpertchestxrays-u20210408/CheXpert-v1.0 batch 3 (train 2)/patient26050/study2/view1_frontal.jpg,a7bc646079eaa42735eed23ec8c7d1fadcce182518b2b00bc59148fdd7ca9e64,5843da54d027cbe5b7d518349a374f859b5d2c0e07b9b66ea5f89c9530a94490
security_v1_0045,patient26478,0,no_finding,Frontal,AP,CheXpert-v1.0/train/patient26478/study1/view1_frontal.jpg,dataset/chexpertchestxrays-u20210408/CheXpert-v1.0 batch 3 (train 2)/patient26478/study1/view1_frontal.jpg,04836ac921592f1c764f3e5da14e2d9285d74a6547e998862eb492d9ff8b616a,5843da54d027cbe5b7d518349a374f859b5d2c0e07b9b66ea5f89c9530a94490
security_v1_0046,patient26996,0,no_finding,Frontal,PA,CheXpert-v1.0/train/patient26996/study2/view1_frontal.jpg,dataset/chexpertchestxrays-u20210408/CheXpert-v1.0 batch 3 (train 2)/patient26996/study2/view1_frontal.jpg,4c2f65b9b904728757a15c443052ef780af74a7fa0d54f12e1bab274bd7acc85,5843da54d027cbe5b7d518349a374f859b5d2c0e07b9b66ea5f89c9530a94490
security_v1_0047,patient27040,0,no_finding,Frontal,AP,CheXpert-v1.0/train/patient27040/study1/view1_frontal.jpg,dataset/chexpertchestxrays-u20210408/CheXpert-v1.0 batch 3 (train 2)/patient27040/study1/view1_frontal.jpg,f976b9c2e4b5b9e7b5076a83c4d39eafd5741510e9aa1c76a9ab441ffb6862f7,5843da54d027cbe5b7d518349a374f859b5d2c0e07b9b66ea5f89c9530a94490
security_v1_0048,patient27273,0,no_finding,Frontal,AP,CheXpert-v1.0/train/patient27273/study3/view1_frontal.jpg,dataset/chexpertchestxrays-u20210408/CheXpert-v1.0 batch 3 (train 2)/patient27273/study3/view1_frontal.jpg,234c7d6e8f322b1f37bbf00837201b1b595bfd4b025319bf4d4e2344d549b936,5843da54d027cbe5b7d518349a374f859b5d2c0e07b9b66ea5f89c9530a94490
security_v1_0049,patient28074,0,no_finding,Frontal,PA,CheXpert-v1.0/train/patient28074/study1/view1_frontal.jpg,dataset/chexpertchestxrays-u20210408/CheXpert-v1.0 batch 3 (train 2)/patient28074/study1/view1_frontal.jpg,6f98dc26fcd58122d228785fa3e9dfa02e7e3efecd4ae580adf40730d41d2e4d,5843da54d027cbe5b7d518349a374f859b5d2c0e07b9b66ea5f89c9530a94490
security_v1_0050,patient28947,0,no_finding,Frontal,PA,CheXpert-v1.0/train/patient28947/study1/view1_frontal.jpg,dataset/chexpertchestxrays-u20210408/CheXpert-v1.0 batch 3 (train 2)/patient28947/study1/view1_frontal.jpg,8451588bcd00e977612b18b913a5908f52f47773d3d4274faa8567cb30869895,5843da54d027cbe5b7d518349a374f859b5d2c0e07b9b66ea5f89c9530a94490
security_v1_0051,patient29425,0,no_finding,Frontal,PA,CheXpert-v1.0/train/patient29425/study1/view1_frontal.jpg,dataset/chexpertchestxrays-u20210408/CheXpert-v1.0 batch 3 (train 2)/patient29425/study1/view1_frontal.jpg,e3971f5a87d7188fbc7b8fda71d38cde4d59a61ec3265c1216e4f2c87aac948d,5843da54d027cbe5b7d518349a374f859b5d2c0e07b9b66ea5f89c9530a94490
security_v1_0052,patient29621,0,no_finding,Frontal,PA,CheXpert-v1.0/train/patient29621/study1/view1_frontal.jpg,dataset/chexpertchestxrays-u20210408/CheXpert-v1.0 batch 3 (train 2)/patient29621/study1/view1_frontal.jpg,a11c1f3ef1f892bcd30128e3f9f9d6194cfc0840d38b27e248a1f95169a7a032,5843da54d027cbe5b7d518349a374f859b5d2c0e07b9b66ea5f89c9530a94490
security_v1_0053,patient32448,0,no_finding,Frontal,AP,CheXpert-v1.0/train/patient32448/study1/view1_frontal.jpg,dataset/chexpertchestxrays-u20210408/CheXpert-v1.0 batch 3 (train 2)/patient32448/study1/view1_frontal.jpg,098650b8f416edf5b7f7b2533a34c63aa5de22ff92914dda49f283ce5ae9dc0b,5843da54d027cbe5b7d518349a374f859b5d2c0e07b9b66ea5f89c9530a94490
security_v1_0054,patient32586,0,no_finding,Frontal,AP,CheXpert-v1.0/train/patient32586/study1/view1_frontal.jpg,dataset/chexpertchestxrays-u20210408/CheXpert-v1.0 batch 3 (train 2)/patient32586/study1/view1_frontal.jpg,30409dc2eb6b21c33ca5aca3b8bac4a487c68ee439702349eade169f0ffe6615,5843da54d027cbe5b7d518349a374f859b5d2c0e07b9b66ea5f89c9530a94490
security_v1_0055,patient32644,0,no_finding,Frontal,AP,CheXpert-v1.0/train/patient32644/study1/view1_frontal.jpg,dataset/chexpertchestxrays-u20210408/CheXpert-v1.0 batch 3 (train 2)/patient32644/study1/view1_frontal.jpg,3b46ef440919175792dcf6578b13fb91dabab7acdb9f94e79615e198f5c1d301,5843da54d027cbe5b7d518349a374f859b5d2c0e07b9b66ea5f89c9530a94490
security_v1_0056,patient34218,0,no_finding,Frontal,AP,CheXpert-v1.0/train/patient34218/study1/view1_frontal.jpg,dataset/chexpertchestxrays-u20210408/CheXpert-v1.0 batch 3 (train 2)/patient34218/study1/view1_frontal.jpg,191149df9320dc0acbcb8d454a533665fd80a54c109baa686a97431947db9654,5843da54d027cbe5b7d518349a374f859b5d2c0e07b9b66ea5f89c9530a94490
security_v1_0057,patient34582,0,no_finding,Frontal,PA,CheXpert-v1.0/train/patient34582/study1/view1_frontal.jpg,dataset/chexpertchestxrays-u20210408/CheXpert-v1.0 batch 3 (train 2)/patient34582/study1/view1_frontal.jpg,171c7ecae183bdeec84ac064312772a41d7705bd31e69c07f3895fbd4fae031d,5843da54d027cbe5b7d518349a374f859b5d2c0e07b9b66ea5f89c9530a94490
security_v1_0058,patient34970,0,no_finding,Frontal,AP,CheXpert-v1.0/train/patient34970/study1/view1_frontal.jpg,dataset/chexpertchestxrays-u20210408/CheXpert-v1.0 batch 3 (train 2)/patient34970/study1/view1_frontal.jpg,4263702cee096017fb3ff68e6e2b80737ac990544f7751f0f01df970f1b50087,5843da54d027cbe5b7d518349a374f859b5d2c0e07b9b66ea5f89c9530a94490
security_v1_0059,patient35289,0,no_finding,Frontal,AP,CheXpert-v1.0/train/patient35289/study2/view1_frontal.jpg,dataset/chexpertchestxrays-u20210408/CheXpert-v1.0 batch 3 (train 2)/patient35289/study2/view1_frontal.jpg,758402d2107a3ed7d74b9bc552695363803f34e2ed9dc9391f795288c6e7c2a6,5843da54d027cbe5b7d518349a374f859b5d2c0e07b9b66ea5f89c9530a94490
security_v1_0060,patient35473,0,no_finding,Frontal,AP,CheXpert-v1.0/train/patient35473/study1/view1_frontal.jpg,dataset/chexpertchestxrays-u20210408/CheXpert-v1.0 batch 3 (train 2)/patient35473/study1/view1_frontal.jpg,8d0a76a2ef332cb06f1f353f27d745f476b4dbefb9f800b234444c360b782b9b,5843da54d027cbe5b7d518349a374f859b5d2c0e07b9b66ea5f89c9530a94490
security_v1_0061,patient35828,0,no_finding,Frontal,AP,CheXpert-v1.0/train/patient35828/study1/view1_frontal.jpg,dataset/chexpertchestxrays-u20210408/CheXpert-v1.0 batch 3 (train 2)/patient35828/study1/view1_frontal.jpg,7beccdd5749a63a00c7828d13482d6d2907f427af1ff3c8e46566a77a9aa3080,5843da54d027cbe5b7d518349a374f859b5d2c0e07b9b66ea5f89c9530a94490
security_v1_0062,patient36269,0,no_finding,Frontal,AP,CheXpert-v1.0/train/patient36269/study1/view1_frontal.jpg,dataset/chexpertchestxrays-u20210408/CheXpert-v1.0 batch 3 (train 2)/patient36269/study1/view1_frontal.jpg,0fb36a938f88bbd862f17b55161d9cd5c75a1285eb2578e8c6e051084a42ddc3,5843da54d027cbe5b7d518349a374f859b5d2c0e07b9b66ea5f89c9530a94490
security_v1_0063,patient37583,0,no_finding,Frontal,AP,CheXpert-v1.0/train/patient37583/study3/view1_frontal.jpg,dataset/chexpertchestxrays-u20210408/CheXpert-v1.0 batch 3 (train 2)/patient37583/study3/view1_frontal.jpg,389d74bac1287a56dd518724ca7d3dc25ebda35b9785d5daedd69a2e1e227582,5843da54d027cbe5b7d518349a374f859b5d2c0e07b9b66ea5f89c9530a94490
security_v1_0064,patient38374,0,no_finding,Frontal,AP,CheXpert-v1.0/train/patient38374/study2/view1_frontal.jpg,dataset/chexpertchestxrays-u20210408/CheXpert-v1.0 batch 3 (train 2)/patient38374/study2/view1_frontal.jpg,baa3457a7e083f6c920444a49cb56b0d1189397bb0891fa5909b1dfc5a3223f0,5843da54d027cbe5b7d518349a374f859b5d2c0e07b9b66ea5f89c9530a94490
security_v1_0065,patient39425,0,no_finding,Frontal,AP,CheXpert-v1.0/train/patient39425/study2/view1_frontal.jpg,dataset/chexpertchestxrays-u20210408/CheXpert-v1.0 batch 3 (train 2)/patient39425/study2/view1_frontal.jpg,3d28019e93ce50444f755fbe8fb60f3dce1e60a02a6b90709c78d789cede6320,5843da54d027cbe5b7d518349a374f859b5d2c0e07b9b66ea5f89c9530a94490
security_v1_0066,patient40874,0,no_finding,Frontal,AP,CheXpert-v1.0/train/patient40874/study1/view1_frontal.jpg,dataset/chexpertchestxrays-u20210408/CheXpert-v1.0 batch 3 (train 2)/patient40874/study1/view1_frontal.jpg,269a4c8d34024210ddda84819ffc5d9feb17b36d54f15d4e6af26ba759f720f2,5843da54d027cbe5b7d518349a374f859b5d2c0e07b9b66ea5f89c9530a94490
security_v1_0067,patient41245,0,no_finding,Frontal,AP,CheXpert-v1.0/train/patient41245/study2/view1_frontal.jpg,dataset/chexpertchestxrays-u20210408/CheXpert-v1.0 batch 3 (train 2)/patient41245/study2/view1_frontal.jpg,5783a8ec846a410cc7072ecfe51a1504d01ff365dcab0f467068bae5fe66b377,5843da54d027cbe5b7d518349a374f859b5d2c0e07b9b66ea5f89c9530a94490
security_v1_0068,patient43209,0,no_finding,Frontal,AP,CheXpert-v1.0/train/patient43209/study1/view1_frontal.jpg,dataset/chexpertchestxrays-u20210408/CheXpert-v1.0 batch 4 (train 3)/patient43209/study1/view1_frontal.jpg,01453b0f77aa422b74ca000590a1e5ab0c29facc32bfb984bb842c11b80c3985,5843da54d027cbe5b7d518349a374f859b5d2c0e07b9b66ea5f89c9530a94490
security_v1_0069,patient43847,0,no_finding,Frontal,AP,CheXpert-v1.0/train/patient43847/study5/view1_frontal.jpg,dataset/chexpertchestxrays-u20210408/CheXpert-v1.0 batch 4 (train 3)/patient43847/study5/view1_frontal.jpg,aa8d12ffab1a8a763b57574c14321a42fad698d1fb699e4e760e935d51174b98,5843da54d027cbe5b7d518349a374f859b5d2c0e07b9b66ea5f89c9530a94490
security_v1_0070,patient44329,0,no_finding,Frontal,AP,CheXpert-v1.0/train/patient44329/study1/view1_frontal.jpg,dataset/chexpertchestxrays-u20210408/CheXpert-v1.0 batch 4 (train 3)/patient44329/study1/view1_frontal.jpg,fb24fee7a4c73557a852305743b4c06327ef055bbda1ab372b6b0a3039adc50b,5843da54d027cbe5b7d518349a374f859b5d2c0e07b9b66ea5f89c9530a94490
security_v1_0071,patient44776,0,no_finding,Frontal,AP,CheXpert-v1.0/train/patient44776/study1/view1_frontal.jpg,dataset/chexpertchestxrays-u20210408/CheXpert-v1.0 batch 4 (train 3)/patient44776/study1/view1_frontal.jpg,de465a38f0958bc7c4baaf8afebb5ce83e3e8c5ee725b816f40d2e755ac28b21,5843da54d027cbe5b7d518349a374f859b5d2c0e07b9b66ea5f89c9530a94490
security_v1_0072,patient45477,0,no_finding,Frontal,AP,CheXpert-v1.0/train/patient45477/study1/view1_frontal.jpg,dataset/chexpertchestxrays-u20210408/CheXpert-v1.0 batch 4 (train 3)/patient45477/study1/view1_frontal.jpg,6524ffc5516a29f4bdfb77cd66046d1500f126f27938ce28cb092ee95de686be,5843da54d027cbe5b7d518349a374f859b5d2c0e07b9b66ea5f89c9530a94490
security_v1_0073,patient46008,0,no_finding,Frontal,AP,CheXpert-v1.0/train/patient46008/study1/view1_frontal.jpg,dataset/chexpertchestxrays-u20210408/CheXpert-v1.0 batch 4 (train 3)/patient46008/study1/view1_frontal.jpg,5c8ec97f21e4c533ff30f098ec86ba1374853977583eb2772642e49c424e3559,5843da54d027cbe5b7d518349a374f859b5d2c0e07b9b66ea5f89c9530a94490
security_v1_0074,patient46264,0,no_finding,Frontal,AP,CheXpert-v1.0/train/patient46264/study1/view1_frontal.jpg,dataset/chexpertchestxrays-u20210408/CheXpert-v1.0 batch 4 (train 3)/patient46264/study1/view1_frontal.jpg,5b040cfa6366030f1f344c0f80ede7463db65dc3896cf1f2c5402a43975290b1,5843da54d027cbe5b7d518349a374f859b5d2c0e07b9b66ea5f89c9530a94490
security_v1_0075,patient49495,0,no_finding,Frontal,AP,CheXpert-v1.0/train/patient49495/study1/view1_frontal.jpg,dataset/chexpertchestxrays-u20210408/CheXpert-v1.0 batch 4 (train 3)/patient49495/study1/view1_frontal.jpg,8fbe1828c0487fdfdeac7460a69c3788e5282051f949293e9ded6a96d52d9e03,5843da54d027cbe5b7d518349a374f859b5d2c0e07b9b66ea5f89c9530a94490
security_v1_0076,patient49703,0,no_finding,Frontal,AP,CheXpert-v1.0/train/patient49703/study1/view1_frontal.jpg,dataset/chexpertchestxrays-u20210408/CheXpert-v1.0 batch 4 (train 3)/patient49703/study1/view1_frontal.jpg,cf345768f4c47d44d39f36f0f9d0a22f1b8d9ef3c9ef3eca6c9b5856936ef2d0,5843da54d027cbe5b7d518349a374f859b5d2c0e07b9b66ea5f89c9530a94490
security_v1_0077,patient49872,0,no_finding,Frontal,AP,CheXpert-v1.0/train/patient49872/study1/view1_frontal.jpg,dataset/chexpertchestxrays-u20210408/CheXpert-v1.0 batch 4 (train 3)/patient49872/study1/view1_frontal.jpg,f765ac7d80566823bdfc94ae6cd00ab203b4bc5fe770db6ae5e2974843c17d30,5843da54d027cbe5b7d518349a374f859b5d2c0e07b9b66ea5f89c9530a94490
security_v1_0078,patient49971,0,no_finding,Frontal,AP,CheXpert-v1.0/train/patient49971/study5/view1_frontal.jpg,dataset/chexpertchestxrays-u20210408/CheXpert-v1.0 batch 4 (train 3)/patient49971/study5/view1_frontal.jpg,5915969d52356ee6bf3ecbbc6b829648d7864c8e72937951fabdde9968594cd6,5843da54d027cbe5b7d518349a374f859b5d2c0e07b9b66ea5f89c9530a94490
security_v1_0079,patient50413,0,no_finding,Frontal,AP,CheXpert-v1.0/train/patient50413/study1/view1_frontal.jpg,dataset/chexpertchestxrays-u20210408/CheXpert-v1.0 batch 4 (train 3)/patient50413/study1/view1_frontal.jpg,ef60b5962b68c372c7d3b679683a44bcb5f883b317f4ec0827e23cfa11809c5c,5843da54d027cbe5b7d518349a374f859b5d2c0e07b9b66ea5f89c9530a94490
security_v1_0080,patient50878,0,no_finding,Frontal,AP,CheXpert-v1.0/train/patient50878/study1/view1_frontal.jpg,dataset/chexpertchestxrays-u20210408/CheXpert-v1.0 batch 4 (train 3)/patient50878/study1/view1_frontal.jpg,2d3cd3c3a82ff71f279ce8d09cad8dd172d6542227fafaf083237bcfc1b6417f,5843da54d027cbe5b7d518349a374f859b5d2c0e07b9b66ea5f89c9530a94490
security_v1_0081,patient50899,0,no_finding,Frontal,AP,CheXpert-v1.0/train/patient50899/study1/view1_frontal.jpg,dataset/chexpertchestxrays-u20210408/CheXpert-v1.0 batch 4 (train 3)/patient50899/study1/view1_frontal.jpg,1d4b17316455f8a80be96016d156e803d9996894d7a3127c3422a5ae0ae04c5c,5843da54d027cbe5b7d518349a374f859b5d2c0e07b9b66ea5f89c9530a94490
security_v1_0082,patient53081,0,no_finding,Frontal,AP,CheXpert-v1.0/train/patient53081/study2/view1_frontal.jpg,dataset/chexpertchestxrays-u20210408/CheXpert-v1.0 batch 4 (train 3)/patient53081/study2/view1_frontal.jpg,4426f8b395ad757ace079e41fce93b60a52fa1c744a8505c046e35252a2297c5,5843da54d027cbe5b7d518349a374f859b5d2c0e07b9b66ea5f89c9530a94490
security_v1_0083,patient53208,0,no_finding,Frontal,AP,CheXpert-v1.0/train/patient53208/study1/view1_frontal.jpg,dataset/chexpertchestxrays-u20210408/CheXpert-v1.0 batch 4 (train 3)/patient53208/study1/view1_frontal.jpg,97b954917caec6bf67435f5cd9d533f564cfac6a1b29db0b81cbf28d42db68bb,5843da54d027cbe5b7d518349a374f859b5d2c0e07b9b66ea5f89c9530a94490
security_v1_0084,patient53650,0,no_finding,Frontal,AP,CheXpert-v1.0/train/patient53650/study1/view1_frontal.jpg,dataset/chexpertchestxrays-u20210408/CheXpert-v1.0 batch 4 (train 3)/patient53650/study1/view1_frontal.jpg,7c56db19a84978e2a26189dee2fcd5c93fd51d6d3f7fae520c47b81e576b30fc,5843da54d027cbe5b7d518349a374f859b5d2c0e07b9b66ea5f89c9530a94490
security_v1_0085,patient54309,0,no_finding,Frontal,AP,CheXpert-v1.0/train/patient54309/study1/view1_frontal.jpg,dataset/chexpertchestxrays-u20210408/CheXpert-v1.0 batch 4 (train 3)/patient54309/study1/view1_frontal.jpg,c2615f22330baa228cdac020cf1736122807913f05ae5311e3479a70056e2ca0,5843da54d027cbe5b7d518349a374f859b5d2c0e07b9b66ea5f89c9530a94490
security_v1_0086,patient54516,0,no_finding,Frontal,AP,CheXpert-v1.0/train/patient54516/study1/view1_frontal.jpg,dataset/chexpertchestxrays-u20210408/CheXpert-v1.0 batch 4 (train 3)/patient54516/study1/view1_frontal.jpg,7cb14765f0329712967ba457dd40e9fe71414802f5a27754d459d7048eb0770f,5843da54d027cbe5b7d518349a374f859b5d2c0e07b9b66ea5f89c9530a94490
security_v1_0087,patient54571,0,no_finding,Frontal,AP,CheXpert-v1.0/train/patient54571/study1/view1_frontal.jpg,dataset/chexpertchestxrays-u20210408/CheXpert-v1.0 batch 4 (train 3)/patient54571/study1/view1_frontal.jpg,0dfdcf6b1b88a017e55b9cf0f5c42d1f6b9ccc4baab453d3f5c6b270a1870b0e,5843da54d027cbe5b7d518349a374f859b5d2c0e07b9b66ea5f89c9530a94490
security_v1_0088,patient55346,0,no_finding,Frontal,AP,CheXpert-v1.0/train/patient55346/study1/view1_frontal.jpg,dataset/chexpertchestxrays-u20210408/CheXpert-v1.0 batch 4 (train 3)/patient55346/study1/view1_frontal.jpg,d51e6270738298e18a9b7f3f1022391a73109f342841dd0b372eac51dc5a5c9a,5843da54d027cbe5b7d518349a374f859b5d2c0e07b9b66ea5f89c9530a94490
security_v1_0089,patient55567,0,no_finding,Frontal,AP,CheXpert-v1.0/train/patient55567/study1/view1_frontal.jpg,dataset/chexpertchestxrays-u20210408/CheXpert-v1.0 batch 4 (train 3)/patient55567/study1/view1_frontal.jpg,e1b976923261fcadd06860596dc294ef94cc9f0bd3166508111fe0922c6ccc7d,5843da54d027cbe5b7d518349a374f859b5d2c0e07b9b66ea5f89c9530a94490
security_v1_0090,patient57420,0,no_finding,Frontal,AP,CheXpert-v1.0/train/patient57420/study1/view1_frontal.jpg,dataset/chexpertchestxrays-u20210408/CheXpert-v1.0 batch 4 (train 3)/patient57420/study1/view1_frontal.jpg,399791985223f6cafabd770042cf44c081531223c785ad7834f95e2fb08a0c21,5843da54d027cbe5b7d518349a374f859b5d2c0e07b9b66ea5f89c9530a94490
security_v1_0091,patient57884,0,no_finding,Frontal,AP,CheXpert-v1.0/train/patient57884/study1/view1_frontal.jpg,dataset/chexpertchestxrays-u20210408/CheXpert-v1.0 batch 4 (train 3)/patient57884/study1/view1_frontal.jpg,8bd965b842c4b422027ae68141459db92a805cd6eef11c635f1ede11b9d1d805,5843da54d027cbe5b7d518349a374f859b5d2c0e07b9b66ea5f89c9530a94490
security_v1_0092,patient58145,0,no_finding,Frontal,AP,CheXpert-v1.0/train/patient58145/study1/view1_frontal.jpg,dataset/chexpertchestxrays-u20210408/CheXpert-v1.0 batch 4 (train 3)/patient58145/study1/view1_frontal.jpg,0a47a94770fa64dfda519ed2b1c1ec65ded12d8a8fec1e4c88e5ac2476691afe,5843da54d027cbe5b7d518349a374f859b5d2c0e07b9b66ea5f89c9530a94490
security_v1_0093,patient59342,0,no_finding,Frontal,AP,CheXpert-v1.0/train/patient59342/study1/view1_frontal.jpg,dataset/chexpertchestxrays-u20210408/CheXpert-v1.0 batch 4 (train 3)/patient59342/study1/view1_frontal.jpg,a53ef4e63e40897fb408ec0b2583ce05f4c9e4c7e4e549580ebaf55e4a606f98,5843da54d027cbe5b7d518349a374f859b5d2c0e07b9b66ea5f89c9530a94490
security_v1_0094,patient59558,0,no_finding,Frontal,AP,CheXpert-v1.0/train/patient59558/study1/view1_frontal.jpg,dataset/chexpertchestxrays-u20210408/CheXpert-v1.0 batch 4 (train 3)/patient59558/study1/view1_frontal.jpg,ca23bd111900b687dbe37b6fdf007356b84c74df1f1d54c3cf52f9bde7e344f7,5843da54d027cbe5b7d518349a374f859b5d2c0e07b9b66ea5f89c9530a94490
security_v1_0095,patient59858,0,no_finding,Frontal,AP,CheXpert-v1.0/train/patient59858/study1/view1_frontal.jpg,dataset/chexpertchestxrays-u20210408/CheXpert-v1.0 batch 4 (train 3)/patient59858/study1/view1_frontal.jpg,a24ed98c6c94c93cf0464d2f6d3fc3d5c1f379882f4238589210fc6e0fbea252,5843da54d027cbe5b7d518349a374f859b5d2c0e07b9b66ea5f89c9530a94490
security_v1_0096,patient60997,0,no_finding,Frontal,AP,CheXpert-v1.0/train/patient60997/study1/view1_frontal.jpg,dataset/chexpertchestxrays-u20210408/CheXpert-v1.0 batch 4 (train 3)/patient60997/study1/view1_frontal.jpg,7c89859db6c560609b786843eaead03e5b199de50434f8d74c0e1f1194a19854,5843da54d027cbe5b7d518349a374f859b5d2c0e07b9b66ea5f89c9530a94490
security_v1_0097,patient61068,0,no_finding,Frontal,AP,CheXpert-v1.0/train/patient61068/study1/view1_frontal.jpg,dataset/chexpertchestxrays-u20210408/CheXpert-v1.0 batch 4 (train 3)/patient61068/study1/view1_frontal.jpg,712b8bcaaa2518a7a52f5fe64faa19028a1741d6e0c341eb92a8dc49574b137b,5843da54d027cbe5b7d518349a374f859b5d2c0e07b9b66ea5f89c9530a94490
security_v1_0098,patient62635,0,no_finding,Frontal,AP,CheXpert-v1.0/train/patient62635/study1/view1_frontal.jpg,dataset/chexpertchestxrays-u20210408/CheXpert-v1.0 batch 4 (train 3)/patient62635/study1/view1_frontal.jpg,6e249d5bac802c04c9ee3adbc538c5cedf3494c2abc67ec539dacafa0fd0d035,5843da54d027cbe5b7d518349a374f859b5d2c0e07b9b66ea5f89c9530a94490
security_v1_0099,patient64186,0,no_finding,Frontal,AP,CheXpert-v1.0/train/patient64186/study1/view1_frontal.jpg,dataset/chexpertchestxrays-u20210408/CheXpert-v1.0 batch 4 (train 3)/patient64186/study1/view1_frontal.jpg,08429db99c026555bc1142802a444bb6044a6f6e2cad9096d054e4244ec270f7,5843da54d027cbe5b7d518349a374f859b5d2c0e07b9b66ea5f89c9530a94490
security_v1_0100,patient00269,1,pleural_effusion,Frontal,PA,CheXpert-v1.0/train/patient00269/study2/view1_frontal.jpg,dataset/chexpertchestxrays-u20210408/CheXpert-v1.0 batch 2 (train 1)/patient00269/study2/view1_frontal.jpg,903df3818bfa9776a796536f61b2dcc76addc4d52f1ad531c95188a15e9dfe71,5843da54d027cbe5b7d518349a374f859b5d2c0e07b9b66ea5f89c9530a94490
security_v1_0101,patient00725,1,pleural_effusion,Frontal,AP,CheXpert-v1.0/train/patient00725/study1/view1_frontal.jpg,dataset/chexpertchestxrays-u20210408/CheXpert-v1.0 batch 2 (train 1)/patient00725/study1/view1_frontal.jpg,d4d169f40744a1e74beb9d8bf4172d280524866efc928925df6be868b0dd9ad5,5843da54d027cbe5b7d518349a374f859b5d2c0e07b9b66ea5f89c9530a94490
security_v1_0102,patient01925,1,pleural_effusion,Frontal,PA,CheXpert-v1.0/train/patient01925/study1/view1_frontal.jpg,dataset/chexpertchestxrays-u20210408/CheXpert-v1.0 batch 2 (train 1)/patient01925/study1/view1_frontal.jpg,dd21972cde2daf57b999c5b3f705eca63f89eeba723eddd9d7c617eb73ff45eb,5843da54d027cbe5b7d518349a374f859b5d2c0e07b9b66ea5f89c9530a94490
security_v1_0103,patient02268,1,pleural_effusion,Frontal,PA,CheXpert-v1.0/train/patient02268/study1/view1_frontal.jpg,dataset/chexpertchestxrays-u20210408/CheXpert-v1.0 batch 2 (train 1)/patient02268/study1/view1_frontal.jpg,90c00b65e0c10f4f3228b127d0d7c8c882e737b6028dc9a4e24aa2c8af4ac6df,5843da54d027cbe5b7d518349a374f859b5d2c0e07b9b66ea5f89c9530a94490
security_v1_0104,patient02301,1,pleural_effusion,Frontal,AP,CheXpert-v1.0/train/patient02301/study1/view1_frontal.jpg,dataset/chexpertchestxrays-u20210408/CheXpert-v1.0 batch 2 (train 1)/patient02301/study1/view1_frontal.jpg,edad30ff7b7bcb9cb3e8ee55f9481094a67cfbaf5b2605d7e5f27636c17bf33b,5843da54d027cbe5b7d518349a374f859b5d2c0e07b9b66ea5f89c9530a94490
security_v1_0105,patient02494,1,pleural_effusion,Frontal,AP,CheXpert-v1.0/train/patient02494/study2/view1_frontal.jpg,dataset/chexpertchestxrays-u20210408/CheXpert-v1.0 batch 2 (train 1)/patient02494/study2/view1_frontal.jpg,5d7d5f35e0780fd09dd1a1a7d6d444181a09212a4a43fbe3485a601f93fd4793,5843da54d027cbe5b7d518349a374f859b5d2c0e07b9b66ea5f89c9530a94490
security_v1_0106,patient02761,1,pleural_effusion,Frontal,AP,CheXpert-v1.0/train/patient02761/study4/view1_frontal.jpg,dataset/chexpertchestxrays-u20210408/CheXpert-v1.0 batch 2 (train 1)/patient02761/study4/view1_frontal.jpg,45ebed9cfb6474da6c9900c9c7d3b2680bb3bd1dd1b613eb457bce9a3f5a321f,5843da54d027cbe5b7d518349a374f859b5d2c0e07b9b66ea5f89c9530a94490
security_v1_0107,patient03662,1,pleural_effusion,Frontal,AP,CheXpert-v1.0/train/patient03662/study1/view1_frontal.jpg,dataset/chexpertchestxrays-u20210408/CheXpert-v1.0 batch 2 (train 1)/patient03662/study1/view1_frontal.jpg,2ee08d9ba8a09a60ef7290f770b9089a4a71bfa9a67ab228907e88d406ed1a04,5843da54d027cbe5b7d518349a374f859b5d2c0e07b9b66ea5f89c9530a94490
security_v1_0108,patient03927,1,pleural_effusion,Frontal,PA,CheXpert-v1.0/train/patient03927/study1/view1_frontal.jpg,dataset/chexpertchestxrays-u20210408/CheXpert-v1.0 batch 2 (train 1)/patient03927/study1/view1_frontal.jpg,cf856887de6132b9dedeb9e6deb0c599d2b63d60f3d2c3c512cd2c1782b14e4f,5843da54d027cbe5b7d518349a374f859b5d2c0e07b9b66ea5f89c9530a94490
security_v1_0109,patient04489,1,pleural_effusion,Frontal,AP,CheXpert-v1.0/train/patient04489/study3/view1_frontal.jpg,dataset/chexpertchestxrays-u20210408/CheXpert-v1.0 batch 2 (train 1)/patient04489/study3/view1_frontal.jpg,14cd96f6fe8ad831015f2ca856b2fc5988aafb53d7f0e1d5d5212e45d272b55d,5843da54d027cbe5b7d518349a374f859b5d2c0e07b9b66ea5f89c9530a94490
security_v1_0110,patient05673,1,pleural_effusion,Frontal,PA,CheXpert-v1.0/train/patient05673/study1/view1_frontal.jpg,dataset/chexpertchestxrays-u20210408/CheXpert-v1.0 batch 2 (train 1)/patient05673/study1/view1_frontal.jpg,d401bb12169ab979f0728a00ca058b5dab78f366d66e3f3a1ff6a617cf27814c,5843da54d027cbe5b7d518349a374f859b5d2c0e07b9b66ea5f89c9530a94490
security_v1_0111,patient05856,1,pleural_effusion,Frontal,AP,CheXpert-v1.0/train/patient05856/study7/view1_frontal.jpg,dataset/chexpertchestxrays-u20210408/CheXpert-v1.0 batch 2 (train 1)/patient05856/study7/view1_frontal.jpg,8832be1e55d8ae8e6fb8f99f3d011839440a5220dfcdb2657805672ede90cb7b,5843da54d027cbe5b7d518349a374f859b5d2c0e07b9b66ea5f89c9530a94490
security_v1_0112,patient08209,1,pleural_effusion,Frontal,PA,CheXpert-v1.0/train/patient08209/study1/view1_frontal.jpg,dataset/chexpertchestxrays-u20210408/CheXpert-v1.0 batch 2 (train 1)/patient08209/study1/view1_frontal.jpg,d3577c03d2aea8720775a45f997df93960c62be784ac2db3a711e1a86f61fb23,5843da54d027cbe5b7d518349a374f859b5d2c0e07b9b66ea5f89c9530a94490
security_v1_0113,patient09908,1,pleural_effusion,Frontal,PA,CheXpert-v1.0/train/patient09908/study1/view1_frontal.jpg,dataset/chexpertchestxrays-u20210408/CheXpert-v1.0 batch 2 (train 1)/patient09908/study1/view1_frontal.jpg,edd3ed015189f76a5a672fddbedd8ddd3f4048715b590f74d457c2a116bd1c8a,5843da54d027cbe5b7d518349a374f859b5d2c0e07b9b66ea5f89c9530a94490
security_v1_0114,patient10497,1,pleural_effusion,Frontal,AP,CheXpert-v1.0/train/patient10497/study10/view1_frontal.jpg,dataset/chexpertchestxrays-u20210408/CheXpert-v1.0 batch 2 (train 1)/patient10497/study10/view1_frontal.jpg,edcf3c721ea0442be32dbf9fda1ca2db06d349c905ca4021e93e1ca5e25a168a,5843da54d027cbe5b7d518349a374f859b5d2c0e07b9b66ea5f89c9530a94490
security_v1_0115,patient10760,1,pleural_effusion,Frontal,AP,CheXpert-v1.0/train/patient10760/study3/view1_frontal.jpg,dataset/chexpertchestxrays-u20210408/CheXpert-v1.0 batch 2 (train 1)/patient10760/study3/view1_frontal.jpg,9cd5427d8d07018fb21a27a9937119789aa104e430d5a7d1f05132306fbe3ba4,5843da54d027cbe5b7d518349a374f859b5d2c0e07b9b66ea5f89c9530a94490
security_v1_0116,patient12244,1,pleural_effusion,Frontal,AP,CheXpert-v1.0/train/patient12244/study1/view1_frontal.jpg,dataset/chexpertchestxrays-u20210408/CheXpert-v1.0 batch 2 (train 1)/patient12244/study1/view1_frontal.jpg,9345eae6ba73c3c4f287481ab7112540013af599f8e57e7a9839eb97aa665ba5,5843da54d027cbe5b7d518349a374f859b5d2c0e07b9b66ea5f89c9530a94490
security_v1_0117,patient12317,1,pleural_effusion,Frontal,AP,CheXpert-v1.0/train/patient12317/study1/view1_frontal.jpg,dataset/chexpertchestxrays-u20210408/CheXpert-v1.0 batch 2 (train 1)/patient12317/study1/view1_frontal.jpg,b024714339b13e8272db4fde62279397d6c56b440ebfb7b4e0cd1639e636287a,5843da54d027cbe5b7d518349a374f859b5d2c0e07b9b66ea5f89c9530a94490
security_v1_0118,patient12621,1,pleural_effusion,Frontal,AP,CheXpert-v1.0/train/patient12621/study1/view1_frontal.jpg,dataset/chexpertchestxrays-u20210408/CheXpert-v1.0 batch 2 (train 1)/patient12621/study1/view1_frontal.jpg,e09dafa081658a27a570095ede6057a7694e062664232421980029f9b240582a,5843da54d027cbe5b7d518349a374f859b5d2c0e07b9b66ea5f89c9530a94490
security_v1_0119,patient12721,1,pleural_effusion,Frontal,PA,CheXpert-v1.0/train/patient12721/study1/view1_frontal.jpg,dataset/chexpertchestxrays-u20210408/CheXpert-v1.0 batch 2 (train 1)/patient12721/study1/view1_frontal.jpg,186c88d97a92c83f3b02ae280be8844269828f09efb87b528e2c568f9f393b06,5843da54d027cbe5b7d518349a374f859b5d2c0e07b9b66ea5f89c9530a94490
security_v1_0120,patient14026,1,pleural_effusion,Frontal,AP,CheXpert-v1.0/train/patient14026/study2/view1_frontal.jpg,dataset/chexpertchestxrays-u20210408/CheXpert-v1.0 batch 2 (train 1)/patient14026/study2/view1_frontal.jpg,ec74ee34b8f83f09849a218e778586a6759cbacb98065b803c217f26d995458d,5843da54d027cbe5b7d518349a374f859b5d2c0e07b9b66ea5f89c9530a94490
security_v1_0121,patient15192,1,pleural_effusion,Frontal,AP,CheXpert-v1.0/train/patient15192/study1/view1_frontal.jpg,dataset/chexpertchestxrays-u20210408/CheXpert-v1.0 batch 2 (train 1)/patient15192/study1/view1_frontal.jpg,28415e7de53610a7b35d07be16e04b9714d747740f48fc4a26fffb73d764e456,5843da54d027cbe5b7d518349a374f859b5d2c0e07b9b66ea5f89c9530a94490
security_v1_0122,patient16075,1,pleural_effusion,Frontal,AP,CheXpert-v1.0/train/patient16075/study1/view1_frontal.jpg,dataset/chexpertchestxrays-u20210408/CheXpert-v1.0 batch 2 (train 1)/patient16075/study1/view1_frontal.jpg,60876c5c439f81be8acbd90c1803932ec76e55d89b48197013bb9f380fc6acaf,5843da54d027cbe5b7d518349a374f859b5d2c0e07b9b66ea5f89c9530a94490
security_v1_0123,patient16736,1,pleural_effusion,Frontal,PA,CheXpert-v1.0/train/patient16736/study1/view1_frontal.jpg,dataset/chexpertchestxrays-u20210408/CheXpert-v1.0 batch 2 (train 1)/patient16736/study1/view1_frontal.jpg,f604ace93701c94a99375e9382b294a586be9b0d3477ee282ea0b9205f5f486d,5843da54d027cbe5b7d518349a374f859b5d2c0e07b9b66ea5f89c9530a94490
security_v1_0124,patient18251,1,pleural_effusion,Frontal,PA,CheXpert-v1.0/train/patient18251/study2/view1_frontal.jpg,dataset/chexpertchestxrays-u20210408/CheXpert-v1.0 batch 2 (train 1)/patient18251/study2/view1_frontal.jpg,959fdb3e5f0b26ac9e6ea10985c5d660d1a2f927c71bbe457f95e042185f9cf6,5843da54d027cbe5b7d518349a374f859b5d2c0e07b9b66ea5f89c9530a94490
security_v1_0125,patient18693,1,pleural_effusion,Frontal,PA,CheXpert-v1.0/train/patient18693/study1/view1_frontal.jpg,dataset/chexpertchestxrays-u20210408/CheXpert-v1.0 batch 2 (train 1)/patient18693/study1/view1_frontal.jpg,b675f1f0bcb8500f63bb27482e27a007391ac5876234b8cced34b874602717b8,5843da54d027cbe5b7d518349a374f859b5d2c0e07b9b66ea5f89c9530a94490
security_v1_0126,patient21462,1,pleural_effusion,Frontal,AP,CheXpert-v1.0/train/patient21462/study1/view1_frontal.jpg,dataset/chexpertchestxrays-u20210408/CheXpert-v1.0 batch 2 (train 1)/patient21462/study1/view1_frontal.jpg,71b477773579aae6b146497ffbfc519910ca5302ec56137625107b763b22d891,5843da54d027cbe5b7d518349a374f859b5d2c0e07b9b66ea5f89c9530a94490
security_v1_0127,patient21463,1,pleural_effusion,Frontal,AP,CheXpert-v1.0/train/patient21463/study4/view1_frontal.jpg,dataset/chexpertchestxrays-u20210408/CheXpert-v1.0 batch 2 (train 1)/patient21463/study4/view1_frontal.jpg,594f7fb21725fe3fcd0b45f0c6c84d6d60e37fa1ff108b43b406d31a3a9769b3,5843da54d027cbe5b7d518349a374f859b5d2c0e07b9b66ea5f89c9530a94490
security_v1_0128,patient21702,1,pleural_effusion,Frontal,AP,CheXpert-v1.0/train/patient21702/study1/view1_frontal.jpg,dataset/chexpertchestxrays-u20210408/CheXpert-v1.0 batch 3 (train 2)/patient21702/study1/view1_frontal.jpg,b825438ca1164e7ced54f7d3b45d350889f090e6503450bdb9864a2de4988a90,5843da54d027cbe5b7d518349a374f859b5d2c0e07b9b66ea5f89c9530a94490
security_v1_0129,patient23950,1,pleural_effusion,Frontal,AP,CheXpert-v1.0/train/patient23950/study1/view1_frontal.jpg,dataset/chexpertchestxrays-u20210408/CheXpert-v1.0 batch 3 (train 2)/patient23950/study1/view1_frontal.jpg,df0847eb90949efb257daf652415c2a8b9b35e42eabd5b388b21b2b1ebab374c,5843da54d027cbe5b7d518349a374f859b5d2c0e07b9b66ea5f89c9530a94490
security_v1_0130,patient25813,1,pleural_effusion,Frontal,AP,CheXpert-v1.0/train/patient25813/study1/view1_frontal.jpg,dataset/chexpertchestxrays-u20210408/CheXpert-v1.0 batch 3 (train 2)/patient25813/study1/view1_frontal.jpg,851094428bacd869a0bc131d96c8044915a6f78c32fceb6549d86cf218434aa8,5843da54d027cbe5b7d518349a374f859b5d2c0e07b9b66ea5f89c9530a94490
security_v1_0131,patient27058,1,pleural_effusion,Frontal,AP,CheXpert-v1.0/train/patient27058/study1/view1_frontal.jpg,dataset/chexpertchestxrays-u20210408/CheXpert-v1.0 batch 3 (train 2)/patient27058/study1/view1_frontal.jpg,3e6be5279d39175770deebbee1be1e4abfec8b7272c1f401352055670048d47f,5843da54d027cbe5b7d518349a374f859b5d2c0e07b9b66ea5f89c9530a94490
security_v1_0132,patient28476,1,pleural_effusion,Frontal,AP,CheXpert-v1.0/train/patient28476/study1/view1_frontal.jpg,dataset/chexpertchestxrays-u20210408/CheXpert-v1.0 batch 3 (train 2)/patient28476/study1/view1_frontal.jpg,5b1741f272e71f79ff5b8914d01aeed88c43d5a5a90aa44b03bc0711114118f8,5843da54d027cbe5b7d518349a374f859b5d2c0e07b9b66ea5f89c9530a94490
security_v1_0133,patient28527,1,pleural_effusion,Frontal,AP,CheXpert-v1.0/train/patient28527/study2/view1_frontal.jpg,dataset/chexpertchestxrays-u20210408/CheXpert-v1.0 batch 3 (train 2)/patient28527/study2/view1_frontal.jpg,192c89d3c53e7bbd03fbacbb0eeadb43b38ba514fa11b2f66ebafa08dbb51127,5843da54d027cbe5b7d518349a374f859b5d2c0e07b9b66ea5f89c9530a94490
security_v1_0134,patient29024,1,pleural_effusion,Frontal,AP,CheXpert-v1.0/train/patient29024/study2/view1_frontal.jpg,dataset/chexpertchestxrays-u20210408/CheXpert-v1.0 batch 3 (train 2)/patient29024/study2/view1_frontal.jpg,452b182fd2f16f1f535f29364c4cb6dff13de694c1ef983ff3002fc64802057e,5843da54d027cbe5b7d518349a374f859b5d2c0e07b9b66ea5f89c9530a94490
security_v1_0135,patient29876,1,pleural_effusion,Frontal,AP,CheXpert-v1.0/train/patient29876/study3/view1_frontal.jpg,dataset/chexpertchestxrays-u20210408/CheXpert-v1.0 batch 3 (train 2)/patient29876/study3/view1_frontal.jpg,77819755762b7654e7c6c82d339bcd26f1ecc33ed6c2865dbef37d042e4bf9c8,5843da54d027cbe5b7d518349a374f859b5d2c0e07b9b66ea5f89c9530a94490
security_v1_0136,patient30013,1,pleural_effusion,Frontal,PA,CheXpert-v1.0/train/patient30013/study1/view1_frontal.jpg,dataset/chexpertchestxrays-u20210408/CheXpert-v1.0 batch 3 (train 2)/patient30013/study1/view1_frontal.jpg,34ceaf04f7c1c8ca0cc8ffd1dc5055eef703500090e1f1f98018c0bb1a073007,5843da54d027cbe5b7d518349a374f859b5d2c0e07b9b66ea5f89c9530a94490
security_v1_0137,patient30300,1,pleural_effusion,Frontal,AP,CheXpert-v1.0/train/patient30300/study3/view1_frontal.jpg,dataset/chexpertchestxrays-u20210408/CheXpert-v1.0 batch 3 (train 2)/patient30300/study3/view1_frontal.jpg,cf430313c38ccb831c4e4c2924f194b33f0fcae2807dc30462cf9242646fbd9c,5843da54d027cbe5b7d518349a374f859b5d2c0e07b9b66ea5f89c9530a94490
security_v1_0138,patient30616,1,pleural_effusion,Frontal,AP,CheXpert-v1.0/train/patient30616/study1/view1_frontal.jpg,dataset/chexpertchestxrays-u20210408/CheXpert-v1.0 batch 3 (train 2)/patient30616/study1/view1_frontal.jpg,2499013fefb1bea1e602d3a55601e5332b3779c76453e1a9f4c58dd12397da42,5843da54d027cbe5b7d518349a374f859b5d2c0e07b9b66ea5f89c9530a94490
security_v1_0139,patient31216,1,pleural_effusion,Frontal,PA,CheXpert-v1.0/train/patient31216/study1/view1_frontal.jpg,dataset/chexpertchestxrays-u20210408/CheXpert-v1.0 batch 3 (train 2)/patient31216/study1/view1_frontal.jpg,329238f64deb8dc54736d5ba9d8def9d42c16a02d332e637397c6f6bda4b601d,5843da54d027cbe5b7d518349a374f859b5d2c0e07b9b66ea5f89c9530a94490
security_v1_0140,patient31404,1,pleural_effusion,Frontal,AP,CheXpert-v1.0/train/patient31404/study4/view1_frontal.jpg,dataset/chexpertchestxrays-u20210408/CheXpert-v1.0 batch 3 (train 2)/patient31404/study4/view1_frontal.jpg,e46961076d88b6787dbfefa7fa6d9770168410d0170e1a2022c6aa6d2bad7896,5843da54d027cbe5b7d518349a374f859b5d2c0e07b9b66ea5f89c9530a94490
security_v1_0141,patient31867,1,pleural_effusion,Frontal,PA,CheXpert-v1.0/train/patient31867/study1/view1_frontal.jpg,dataset/chexpertchestxrays-u20210408/CheXpert-v1.0 batch 3 (train 2)/patient31867/study1/view1_frontal.jpg,3c2de109c8248540b9731f3e19527d024816e5a1802c83bf94023606c5f7bb6c,5843da54d027cbe5b7d518349a374f859b5d2c0e07b9b66ea5f89c9530a94490
security_v1_0142,patient32258,1,pleural_effusion,Frontal,PA,CheXpert-v1.0/train/patient32258/study1/view1_frontal.jpg,dataset/chexpertchestxrays-u20210408/CheXpert-v1.0 batch 3 (train 2)/patient32258/study1/view1_frontal.jpg,7522d135a94418125ad42c032dce7529e3ea52f0bc9f6f8a68488a608ea953fd,5843da54d027cbe5b7d518349a374f859b5d2c0e07b9b66ea5f89c9530a94490
security_v1_0143,patient32400,1,pleural_effusion,Frontal,PA,CheXpert-v1.0/train/patient32400/study1/view1_frontal.jpg,dataset/chexpertchestxrays-u20210408/CheXpert-v1.0 batch 3 (train 2)/patient32400/study1/view1_frontal.jpg,5c97594e5a3ddea6ab4f4a0d0273794886cc215737c89e1f4b2f53af0e48620f,5843da54d027cbe5b7d518349a374f859b5d2c0e07b9b66ea5f89c9530a94490
security_v1_0144,patient32613,1,pleural_effusion,Frontal,AP,CheXpert-v1.0/train/patient32613/study5/view1_frontal.jpg,dataset/chexpertchestxrays-u20210408/CheXpert-v1.0 batch 3 (train 2)/patient32613/study5/view1_frontal.jpg,89a24beaeafa1f27f1ee158bee8abea75170bfd4eb003a5f565780b7ddd5a237,5843da54d027cbe5b7d518349a374f859b5d2c0e07b9b66ea5f89c9530a94490
security_v1_0145,patient34837,1,pleural_effusion,Frontal,AP,CheXpert-v1.0/train/patient34837/study1/view1_frontal.jpg,dataset/chexpertchestxrays-u20210408/CheXpert-v1.0 batch 3 (train 2)/patient34837/study1/view1_frontal.jpg,d2804a3e0cf34678eb8a79402ff59d6c0556f3fe7d28761ff36e76a170f1be44,5843da54d027cbe5b7d518349a374f859b5d2c0e07b9b66ea5f89c9530a94490
security_v1_0146,patient35334,1,pleural_effusion,Frontal,AP,CheXpert-v1.0/train/patient35334/study1/view1_frontal.jpg,dataset/chexpertchestxrays-u20210408/CheXpert-v1.0 batch 3 (train 2)/patient35334/study1/view1_frontal.jpg,e5537d00b801063737e0363987a2c4f7be0cc768fe3c7c34cc1c3a4efdd926ce,5843da54d027cbe5b7d518349a374f859b5d2c0e07b9b66ea5f89c9530a94490
security_v1_0147,patient35482,1,pleural_effusion,Frontal,AP,CheXpert-v1.0/train/patient35482/study1/view1_frontal.jpg,dataset/chexpertchestxrays-u20210408/CheXpert-v1.0 batch 3 (train 2)/patient35482/study1/view1_frontal.jpg,5d11d1747e09c484bba1f2ddf95e400b6bc30222b6f3f4d056bfc1542cac9f98,5843da54d027cbe5b7d518349a374f859b5d2c0e07b9b66ea5f89c9530a94490
security_v1_0148,patient36148,1,pleural_effusion,Frontal,AP,CheXpert-v1.0/train/patient36148/study1/view1_frontal.jpg,dataset/chexpertchestxrays-u20210408/CheXpert-v1.0 batch 3 (train 2)/patient36148/study1/view1_frontal.jpg,dcf9d324802dc6d13d847848297f8325620952e8ff04f3f7f135a8aaa0d1b970,5843da54d027cbe5b7d518349a374f859b5d2c0e07b9b66ea5f89c9530a94490
security_v1_0149,patient36336,1,pleural_effusion,Frontal,AP,CheXpert-v1.0/train/patient36336/study1/view1_frontal.jpg,dataset/chexpertchestxrays-u20210408/CheXpert-v1.0 batch 3 (train 2)/patient36336/study1/view1_frontal.jpg,afa814fdf37818514e296d1685b20795df03e68be6fc48d4ee4af6ee7abca7ae,5843da54d027cbe5b7d518349a374f859b5d2c0e07b9b66ea5f89c9530a94490
security_v1_0150,patient36950,1,pleural_effusion,Frontal,AP,CheXpert-v1.0/train/patient36950/study2/view1_frontal.jpg,dataset/chexpertchestxrays-u20210408/CheXpert-v1.0 batch 3 (train 2)/patient36950/study2/view1_frontal.jpg,c9e79db304600301a75a8d2534c1645b838154a957fba821f81600b7e93cb419,5843da54d027cbe5b7d518349a374f859b5d2c0e07b9b66ea5f89c9530a94490
security_v1_0151,patient38285,1,pleural_effusion,Frontal,AP,CheXpert-v1.0/train/patient38285/study1/view1_frontal.jpg,dataset/chexpertchestxrays-u20210408/CheXpert-v1.0 batch 3 (train 2)/patient38285/study1/view1_frontal.jpg,54b56eb6357376f0206096ead5c941fdf949f9d971dc570405d4b16b51577cdd,5843da54d027cbe5b7d518349a374f859b5d2c0e07b9b66ea5f89c9530a94490
security_v1_0152,patient38346,1,pleural_effusion,Frontal,AP,CheXpert-v1.0/train/patient38346/study1/view1_frontal.jpg,dataset/chexpertchestxrays-u20210408/CheXpert-v1.0 batch 3 (train 2)/patient38346/study1/view1_frontal.jpg,45640367199c2e2a9202cc47aafdb6520ac2e5d0f565cfa9e58e1ea4b3ec27c8,5843da54d027cbe5b7d518349a374f859b5d2c0e07b9b66ea5f89c9530a94490
security_v1_0153,patient41735,1,pleural_effusion,Frontal,AP,CheXpert-v1.0/train/patient41735/study1/view1_frontal.jpg,dataset/chexpertchestxrays-u20210408/CheXpert-v1.0 batch 3 (train 2)/patient41735/study1/view1_frontal.jpg,3431025a238034ec7692d6b7c38ad970ab659b48d532981ad40af028afb56188,5843da54d027cbe5b7d518349a374f859b5d2c0e07b9b66ea5f89c9530a94490
security_v1_0154,patient41776,1,pleural_effusion,Frontal,AP,CheXpert-v1.0/train/patient41776/study1/view1_frontal.jpg,dataset/chexpertchestxrays-u20210408/CheXpert-v1.0 batch 3 (train 2)/patient41776/study1/view1_frontal.jpg,003c6ae08b5a7e7737bb4f7cba550f0d1e6cf0c375d217ec224e741470307bba,5843da54d027cbe5b7d518349a374f859b5d2c0e07b9b66ea5f89c9530a94490
security_v1_0155,patient41875,1,pleural_effusion,Frontal,AP,CheXpert-v1.0/train/patient41875/study1/view1_frontal.jpg,dataset/chexpertchestxrays-u20210408/CheXpert-v1.0 batch 3 (train 2)/patient41875/study1/view1_frontal.jpg,e6e394f392ca7f4b3c5fbb1981a9ae8594f6cdeac938485c000e96f79fa23938,5843da54d027cbe5b7d518349a374f859b5d2c0e07b9b66ea5f89c9530a94490
security_v1_0156,patient42575,1,pleural_effusion,Frontal,AP,CheXpert-v1.0/train/patient42575/study1/view1_frontal.jpg,dataset/chexpertchestxrays-u20210408/CheXpert-v1.0 batch 3 (train 2)/patient42575/study1/view1_frontal.jpg,4783540a8c0693df5b46f329b53a8ad59c4591d3b219a98b46acc79b50119d03,5843da54d027cbe5b7d518349a374f859b5d2c0e07b9b66ea5f89c9530a94490
security_v1_0157,patient45337,1,pleural_effusion,Frontal,AP,CheXpert-v1.0/train/patient45337/study1/view1_frontal.jpg,dataset/chexpertchestxrays-u20210408/CheXpert-v1.0 batch 4 (train 3)/patient45337/study1/view1_frontal.jpg,59f36088840c052d247004ae3ff52cae40f24ee421bae49f6594d2a8a4bd6885,5843da54d027cbe5b7d518349a374f859b5d2c0e07b9b66ea5f89c9530a94490
security_v1_0158,patient45343,1,pleural_effusion,Frontal,AP,CheXpert-v1.0/train/patient45343/study1/view1_frontal.jpg,dataset/chexpertchestxrays-u20210408/CheXpert-v1.0 batch 4 (train 3)/patient45343/study1/view1_frontal.jpg,39067a5768da96225a8b93456c57bf60af637609e53dc2e03eb8803a6d9b46e8,5843da54d027cbe5b7d518349a374f859b5d2c0e07b9b66ea5f89c9530a94490
security_v1_0159,patient45469,1,pleural_effusion,Frontal,AP,CheXpert-v1.0/train/patient45469/study2/view1_frontal.jpg,dataset/chexpertchestxrays-u20210408/CheXpert-v1.0 batch 4 (train 3)/patient45469/study2/view1_frontal.jpg,0d060a201e56c6bb76fb8768e3867fbf31826f308c2f0170aa9e7928acf65073,5843da54d027cbe5b7d518349a374f859b5d2c0e07b9b66ea5f89c9530a94490
security_v1_0160,patient45494,1,pleural_effusion,Frontal,AP,CheXpert-v1.0/train/patient45494/study1/view1_frontal.jpg,dataset/chexpertchestxrays-u20210408/CheXpert-v1.0 batch 4 (train 3)/patient45494/study1/view1_frontal.jpg,8b9ee6f080aa09886b94a4385bfb146ae047141fa3e99b5d7930a6a778f1a929,5843da54d027cbe5b7d518349a374f859b5d2c0e07b9b66ea5f89c9530a94490
security_v1_0161,patient45632,1,pleural_effusion,Frontal,AP,CheXpert-v1.0/train/patient45632/study1/view1_frontal.jpg,dataset/chexpertchestxrays-u20210408/CheXpert-v1.0 batch 4 (train 3)/patient45632/study1/view1_frontal.jpg,93ac03902e343511408cd079e06c0127b5dc7fdc84b1c8148e1de75fb7a0dfa6,5843da54d027cbe5b7d518349a374f859b5d2c0e07b9b66ea5f89c9530a94490
security_v1_0162,patient46335,1,pleural_effusion,Frontal,AP,CheXpert-v1.0/train/patient46335/study2/view1_frontal.jpg,dataset/chexpertchestxrays-u20210408/CheXpert-v1.0 batch 4 (train 3)/patient46335/study2/view1_frontal.jpg,2463adeecb3e0e255eb84c13eec200d23f9972436a5bcdb0f7d51b6170f0365b,5843da54d027cbe5b7d518349a374f859b5d2c0e07b9b66ea5f89c9530a94490
security_v1_0163,patient46610,1,pleural_effusion,Frontal,AP,CheXpert-v1.0/train/patient46610/study1/view1_frontal.jpg,dataset/chexpertchestxrays-u20210408/CheXpert-v1.0 batch 4 (train 3)/patient46610/study1/view1_frontal.jpg,1c7d504965913ac1ea095ac39379c06e05934e1a7ce19d75ea24c1f2d32e94e8,5843da54d027cbe5b7d518349a374f859b5d2c0e07b9b66ea5f89c9530a94490
security_v1_0164,patient47569,1,pleural_effusion,Frontal,AP,CheXpert-v1.0/train/patient47569/study1/view1_frontal.jpg,dataset/chexpertchestxrays-u20210408/CheXpert-v1.0 batch 4 (train 3)/patient47569/study1/view1_frontal.jpg,27e6bbdd9860db9e0f17aa3387cb5393a8a626a779449d36d6e04034aa36c79c,5843da54d027cbe5b7d518349a374f859b5d2c0e07b9b66ea5f89c9530a94490
security_v1_0165,patient47876,1,pleural_effusion,Frontal,AP,CheXpert-v1.0/train/patient47876/study1/view1_frontal.jpg,dataset/chexpertchestxrays-u20210408/CheXpert-v1.0 batch 4 (train 3)/patient47876/study1/view1_frontal.jpg,12edd972557e27f65c3a51df5d80027b89ccd2351a2b3cd25cbb1b2deb421f90,5843da54d027cbe5b7d518349a374f859b5d2c0e07b9b66ea5f89c9530a94490
security_v1_0166,patient48169,1,pleural_effusion,Frontal,AP,CheXpert-v1.0/train/patient48169/study1/view1_frontal.jpg,dataset/chexpertchestxrays-u20210408/CheXpert-v1.0 batch 4 (train 3)/patient48169/study1/view1_frontal.jpg,fd3f0d9413dcbc09e178195fe4c96d201a6b87634899e293aa5847e25c14f6f3,5843da54d027cbe5b7d518349a374f859b5d2c0e07b9b66ea5f89c9530a94490
security_v1_0167,patient49580,1,pleural_effusion,Frontal,AP,CheXpert-v1.0/train/patient49580/study1/view1_frontal.jpg,dataset/chexpertchestxrays-u20210408/CheXpert-v1.0 batch 4 (train 3)/patient49580/study1/view1_frontal.jpg,27d36e8ae02d6a2a8464893f08b669c537e0aa7347dbc8c1ec8adc866ff0bac8,5843da54d027cbe5b7d518349a374f859b5d2c0e07b9b66ea5f89c9530a94490
security_v1_0168,patient49581,1,pleural_effusion,Frontal,AP,CheXpert-v1.0/train/patient49581/study3/view1_frontal.jpg,dataset/chexpertchestxrays-u20210408/CheXpert-v1.0 batch 4 (train 3)/patient49581/study3/view1_frontal.jpg,154b4f5260acf2009569f327a251402837be39df892bce1a51ad5941aa1a9386,5843da54d027cbe5b7d518349a374f859b5d2c0e07b9b66ea5f89c9530a94490
security_v1_0169,patient50477,1,pleural_effusion,Frontal,AP,CheXpert-v1.0/train/patient50477/study1/view1_frontal.jpg,dataset/chexpertchestxrays-u20210408/CheXpert-v1.0 batch 4 (train 3)/patient50477/study1/view1_frontal.jpg,04c545420de0a0d9be72ff04fd68884be06f7b23720e898a1b370571b5ec8d29,5843da54d027cbe5b7d518349a374f859b5d2c0e07b9b66ea5f89c9530a94490
security_v1_0170,patient50650,1,pleural_effusion,Frontal,AP,CheXpert-v1.0/train/patient50650/study1/view1_frontal.jpg,dataset/chexpertchestxrays-u20210408/CheXpert-v1.0 batch 4 (train 3)/patient50650/study1/view1_frontal.jpg,a6ff52e5dcf1d39b4c4f5a8dbb71eb3aff049e4505bfd52578c587ac8652efa0,5843da54d027cbe5b7d518349a374f859b5d2c0e07b9b66ea5f89c9530a94490
security_v1_0171,patient50704,1,pleural_effusion,Frontal,AP,CheXpert-v1.0/train/patient50704/study1/view1_frontal.jpg,dataset/chexpertchestxrays-u20210408/CheXpert-v1.0 batch 4 (train 3)/patient50704/study1/view1_frontal.jpg,b2a4c668090ecfd78fad374952bf5d4243062511efed477c29d25371ffbb367c,5843da54d027cbe5b7d518349a374f859b5d2c0e07b9b66ea5f89c9530a94490
security_v1_0172,patient50889,1,pleural_effusion,Frontal,AP,CheXpert-v1.0/train/patient50889/study1/view1_frontal.jpg,dataset/chexpertchestxrays-u20210408/CheXpert-v1.0 batch 4 (train 3)/patient50889/study1/view1_frontal.jpg,c11e1f41485b3a0010a74c6cc82b5e157d1461429c45cc41d1f960b304bdb86e,5843da54d027cbe5b7d518349a374f859b5d2c0e07b9b66ea5f89c9530a94490
security_v1_0173,patient51014,1,pleural_effusion,Frontal,AP,CheXpert-v1.0/train/patient51014/study2/view1_frontal.jpg,dataset/chexpertchestxrays-u20210408/CheXpert-v1.0 batch 4 (train 3)/patient51014/study2/view1_frontal.jpg,4ef0fcc0feb96a7ce41efa40ac427f1db55fc7105d4ea4223374c45f5f943360,5843da54d027cbe5b7d518349a374f859b5d2c0e07b9b66ea5f89c9530a94490
security_v1_0174,patient51467,1,pleural_effusion,Frontal,AP,CheXpert-v1.0/train/patient51467/study1/view1_frontal.jpg,dataset/chexpertchestxrays-u20210408/CheXpert-v1.0 batch 4 (train 3)/patient51467/study1/view1_frontal.jpg,c0f66f2d9ef8acec6bc47352ffeb830fddeaa3fc4e7830149497e1499271215b,5843da54d027cbe5b7d518349a374f859b5d2c0e07b9b66ea5f89c9530a94490
security_v1_0175,patient51488,1,pleural_effusion,Frontal,AP,CheXpert-v1.0/train/patient51488/study1/view1_frontal.jpg,dataset/chexpertchestxrays-u20210408/CheXpert-v1.0 batch 4 (train 3)/patient51488/study1/view1_frontal.jpg,291422454193a82086e23d854e64be72bed21c25d2b424f34746c98cc71b4899,5843da54d027cbe5b7d518349a374f859b5d2c0e07b9b66ea5f89c9530a94490
security_v1_0176,patient51729,1,pleural_effusion,Frontal,AP,CheXpert-v1.0/train/patient51729/study1/view1_frontal.jpg,dataset/chexpertchestxrays-u20210408/CheXpert-v1.0 batch 4 (train 3)/patient51729/study1/view1_frontal.jpg,3658bb70a8eb505a7c097ce7efa1392276f6a37da46ba6442bfefb09a525f2b0,5843da54d027cbe5b7d518349a374f859b5d2c0e07b9b66ea5f89c9530a94490
security_v1_0177,patient53137,1,pleural_effusion,Frontal,AP,CheXpert-v1.0/train/patient53137/study1/view1_frontal.jpg,dataset/chexpertchestxrays-u20210408/CheXpert-v1.0 batch 4 (train 3)/patient53137/study1/view1_frontal.jpg,e5e0f6094100e9a0a40c6145396a9ddd9b2d3f28aaeeba1d5b7715084d9d9485,5843da54d027cbe5b7d518349a374f859b5d2c0e07b9b66ea5f89c9530a94490
security_v1_0178,patient53268,1,pleural_effusion,Frontal,AP,CheXpert-v1.0/train/patient53268/study2/view1_frontal.jpg,dataset/chexpertchestxrays-u20210408/CheXpert-v1.0 batch 4 (train 3)/patient53268/study2/view1_frontal.jpg,fa1198edd44de954f1fdce485e756407a9394524dde5a4a71b30f047a88a60c6,5843da54d027cbe5b7d518349a374f859b5d2c0e07b9b66ea5f89c9530a94490
security_v1_0179,patient53550,1,pleural_effusion,Frontal,AP,CheXpert-v1.0/train/patient53550/study1/view1_frontal.jpg,dataset/chexpertchestxrays-u20210408/CheXpert-v1.0 batch 4 (train 3)/patient53550/study1/view1_frontal.jpg,96a1db1ec9ad850b0c26315a8ddfad92139edf1d0db9d44e6895b394f3280c7f,5843da54d027cbe5b7d518349a374f859b5d2c0e07b9b66ea5f89c9530a94490
security_v1_0180,patient54250,1,pleural_effusion,Frontal,AP,CheXpert-v1.0/train/patient54250/study1/view1_frontal.jpg,dataset/chexpertchestxrays-u20210408/CheXpert-v1.0 batch 4 (train 3)/patient54250/study1/view1_frontal.jpg,87cc9e651e8c534daf1e7939573c4ff83ed60ed177526ea3f8faa812a343202a,5843da54d027cbe5b7d518349a374f859b5d2c0e07b9b66ea5f89c9530a94490
security_v1_0181,patient55228,1,pleural_effusion,Frontal,AP,CheXpert-v1.0/train/patient55228/study1/view1_frontal.jpg,dataset/chexpertchestxrays-u20210408/CheXpert-v1.0 batch 4 (train 3)/patient55228/study1/view1_frontal.jpg,10f28074135b6d7ab6a60839bf1432d96b4bf198ffd3ddbbf44cecb60f368c40,5843da54d027cbe5b7d518349a374f859b5d2c0e07b9b66ea5f89c9530a94490
security_v1_0182,patient55316,1,pleural_effusion,Frontal,AP,CheXpert-v1.0/train/patient55316/study1/view1_frontal.jpg,dataset/chexpertchestxrays-u20210408/CheXpert-v1.0 batch 4 (train 3)/patient55316/study1/view1_frontal.jpg,87078f564ad1d19968a8472e2301ceacfe202f9930a9d9ee954760bd3f317973,5843da54d027cbe5b7d518349a374f859b5d2c0e07b9b66ea5f89c9530a94490
security_v1_0183,patient55987,1,pleural_effusion,Frontal,AP,CheXpert-v1.0/train/patient55987/study1/view1_frontal.jpg,dataset/chexpertchestxrays-u20210408/CheXpert-v1.0 batch 4 (train 3)/patient55987/study1/view1_frontal.jpg,f8d7f15652a9d862edc1f90f75cc2ea9f5ae279e8fe5f414fb7bb72a0f9d0da0,5843da54d027cbe5b7d518349a374f859b5d2c0e07b9b66ea5f89c9530a94490
security_v1_0184,patient56764,1,pleural_effusion,Frontal,AP,CheXpert-v1.0/train/patient56764/study2/view1_frontal.jpg,dataset/chexpertchestxrays-u20210408/CheXpert-v1.0 batch 4 (train 3)/patient56764/study2/view1_frontal.jpg,11e8edfeaad528b7ae0930ff66730a13ab6ba792ba6151d5f72dc5df4220af8e,5843da54d027cbe5b7d518349a374f859b5d2c0e07b9b66ea5f89c9530a94490
security_v1_0185,patient56820,1,pleural_effusion,Frontal,AP,CheXpert-v1.0/train/patient56820/study1/view1_frontal.jpg,dataset/chexpertchestxrays-u20210408/CheXpert-v1.0 batch 4 (train 3)/patient56820/study1/view1_frontal.jpg,c96e8b450ca84dba2f516f02eb162d3f6b598bbe8c89f8f9cf7eb4ffe41f7d9d,5843da54d027cbe5b7d518349a374f859b5d2c0e07b9b66ea5f89c9530a94490
security_v1_0186,patient56990,1,pleural_effusion,Frontal,AP,CheXpert-v1.0/train/patient56990/study1/view1_frontal.jpg,dataset/chexpertchestxrays-u20210408/CheXpert-v1.0 batch 4 (train 3)/patient56990/study1/view1_frontal.jpg,cfcb568bd71dc007d1e265da5af1528bff97e4de5a36d3dd6668ea69a835de3f,5843da54d027cbe5b7d518349a374f859b5d2c0e07b9b66ea5f89c9530a94490
security_v1_0187,patient57140,1,pleural_effusion,Frontal,AP,CheXpert-v1.0/train/patient57140/study2/view1_frontal.jpg,dataset/chexpertchestxrays-u20210408/CheXpert-v1.0 batch 4 (train 3)/patient57140/study2/view1_frontal.jpg,8ea60fff9c6cb2272dff6be07772cabde0f4a2a16e7c3741ae4e2e9a51591b17,5843da54d027cbe5b7d518349a374f859b5d2c0e07b9b66ea5f89c9530a94490
security_v1_0188,patient57455,1,pleural_effusion,Frontal,AP,CheXpert-v1.0/train/patient57455/study1/view1_frontal.jpg,dataset/chexpertchestxrays-u20210408/CheXpert-v1.0 batch 4 (train 3)/patient57455/study1/view1_frontal.jpg,5b0ac6df8800362aba3aaed93dbeab4c0248f2af471e67b1df494f9d3ce12a22,5843da54d027cbe5b7d518349a374f859b5d2c0e07b9b66ea5f89c9530a94490
security_v1_0189,patient57846,1,pleural_effusion,Frontal,AP,CheXpert-v1.0/train/patient57846/study1/view1_frontal.jpg,dataset/chexpertchestxrays-u20210408/CheXpert-v1.0 batch 4 (train 3)/patient57846/study1/view1_frontal.jpg,fc21d36e4b97378875bfff832f2859416a8ae60217ea3b87517957f42389599d,5843da54d027cbe5b7d518349a374f859b5d2c0e07b9b66ea5f89c9530a94490
security_v1_0190,patient58146,1,pleural_effusion,Frontal,AP,CheXpert-v1.0/train/patient58146/study1/view1_frontal.jpg,dataset/chexpertchestxrays-u20210408/CheXpert-v1.0 batch 4 (train 3)/patient58146/study1/view1_frontal.jpg,ed6be350755439ce968616e6513654fab02961484eb71a0132aa8b0bd4cb8ee0,5843da54d027cbe5b7d518349a374f859b5d2c0e07b9b66ea5f89c9530a94490
security_v1_0191,patient58345,1,pleural_effusion,Frontal,AP,CheXpert-v1.0/train/patient58345/study1/view1_frontal.jpg,dataset/chexpertchestxrays-u20210408/CheXpert-v1.0 batch 4 (train 3)/patient58345/study1/view1_frontal.jpg,adb0a2dbf0b240bf625d805787fdebdeb810f69389277005ea7d3f5e0e5feaf1,5843da54d027cbe5b7d518349a374f859b5d2c0e07b9b66ea5f89c9530a94490
security_v1_0192,patient59103,1,pleural_effusion,Frontal,AP,CheXpert-v1.0/train/patient59103/study1/view1_frontal.jpg,dataset/chexpertchestxrays-u20210408/CheXpert-v1.0 batch 4 (train 3)/patient59103/study1/view1_frontal.jpg,ac06f1cbcc69d76c28f0975682a2b5f55938abe9ad01d10ab83ad9847a422311,5843da54d027cbe5b7d518349a374f859b5d2c0e07b9b66ea5f89c9530a94490
security_v1_0193,patient59687,1,pleural_effusion,Frontal,AP,CheXpert-v1.0/train/patient59687/study2/view1_frontal.jpg,dataset/chexpertchestxrays-u20210408/CheXpert-v1.0 batch 4 (train 3)/patient59687/study2/view1_frontal.jpg,0adc80f8383f0bf02305b52f974f27005315b632e6097f343a5b3ef59170868b,5843da54d027cbe5b7d518349a374f859b5d2c0e07b9b66ea5f89c9530a94490
security_v1_0194,patient59893,1,pleural_effusion,Frontal,AP,CheXpert-v1.0/train/patient59893/study1/view1_frontal.jpg,dataset/chexpertchestxrays-u20210408/CheXpert-v1.0 batch 4 (train 3)/patient59893/study1/view1_frontal.jpg,5b121d5d45bbe2c53f00a7a1c64d676095b41787f1695ce0096aa2bfab45c2b5,5843da54d027cbe5b7d518349a374f859b5d2c0e07b9b66ea5f89c9530a94490
security_v1_0195,patient60247,1,pleural_effusion,Frontal,AP,CheXpert-v1.0/train/patient60247/study2/view1_frontal.jpg,dataset/chexpertchestxrays-u20210408/CheXpert-v1.0 batch 4 (train 3)/patient60247/study2/view1_frontal.jpg,5a2dd68142d1750b27b9e9c7652edc041002790bf99667694893bc5fbbeb5525,5843da54d027cbe5b7d518349a374f859b5d2c0e07b9b66ea5f89c9530a94490
security_v1_0196,patient61061,1,pleural_effusion,Frontal,AP,CheXpert-v1.0/train/patient61061/study1/view1_frontal.jpg,dataset/chexpertchestxrays-u20210408/CheXpert-v1.0 batch 4 (train 3)/patient61061/study1/view1_frontal.jpg,0645382a142861d6b119e9b69f762591dbf365af8b865ab2fcaa9d8f05e3bd48,5843da54d027cbe5b7d518349a374f859b5d2c0e07b9b66ea5f89c9530a94490
security_v1_0197,patient62085,1,pleural_effusion,Frontal,AP,CheXpert-v1.0/train/patient62085/study1/view1_frontal.jpg,dataset/chexpertchestxrays-u20210408/CheXpert-v1.0 batch 4 (train 3)/patient62085/study1/view1_frontal.jpg,10bf75892605473bedba306ed210d0ce961e0bb434fc9b20bae91b796b3bbfd3,5843da54d027cbe5b7d518349a374f859b5d2c0e07b9b66ea5f89c9530a94490
security_v1_0198,patient62404,1,pleural_effusion,Frontal,AP,CheXpert-v1.0/train/patient62404/study1/view1_frontal.jpg,dataset/chexpertchestxrays-u20210408/CheXpert-v1.0 batch 4 (train 3)/patient62404/study1/view1_frontal.jpg,9c9b119c6532a00ed18d8cc6557dac48529580a2330086529fa6f0a86e92c2f9,5843da54d027cbe5b7d518349a374f859b5d2c0e07b9b66ea5f89c9530a94490
security_v1_0199,patient62740,1,pleural_effusion,Frontal,AP,CheXpert-v1.0/train/patient62740/study1/view1_frontal.jpg,dataset/chexpertchestxrays-u20210408/CheXpert-v1.0 batch 4 (train 3)/patient62740/study1/view1_frontal.jpg,ebd6e5aeb14703f67d34e57c720b8ca34edcf767add6cdb15dcdeba9360e30c9,5843da54d027cbe5b7d518349a374f859b5d2c0e07b9b66ea5f89c9530a94490
